Status_Evento,Campeonato,Regiao,Periodo_Campeonato,Data_Partida,Mapa,Time,Vitorias,Derrotas,Aproveitamento,Mapas_Jogados,Jogador,Agente,Rating,ACS,Kills,Mortes,Assistencias,ADR
ONGOING,VCT 26: AMER Stage 2,AMER,Jul 16 - Sep 7,2026-07-28,Ascent,Cloud9,9,1,90.0%,10,OXY,Neon,0.99,211.0,14.8,13.7,8.6,156.7
ONGOING,VCT 26: AMER Stage 2,AMER,Jul 16 - Sep 7,2026-07-28,Ascent,Cloud9,9,1,90.0%,10,Zellsis,Killjoy,0.86,283.3,11.9,16.9,7.6,201.8
ONGOING,VCT 26: AMER Stage 2,AMER,Jul 16 - Sep 7,2026-07-28,Ascent,Cloud9,9,1,90.0%,10,penny,Viper,1.25,151.5,21.2,12.9,7.5,120.5
ONGOING,VCT 26: AMER Stage 2,AMER,Jul 16 - Sep 7,2026-07-28,Ascent,Cloud9,9,1,90.0%,10,v1c,Omen,1.34,143.7,14.5,11.3,5.3,180.3
ONGOING,VCT 26: AMER Stage 2,AMER,Jul 16 - Sep 7,2026-07-28,Ascent,Cloud9,9,1,90.0%,10,Xeppaa,Sova,1.01,187.0,13.0,17.8,9.6,161.5
ONGOING,VCT 26: AMER Stage 2,AMER,Jul 16 - Sep 7,2026-08-06,Ascent,Sentinels,6,6,50.0%,12,zekken,Jett,1.12,145.4,12.6,12.6,5.6,167.4
ONGOING,VCT 26: AMER Stage 2,AMER,Jul 16 - Sep 7,2026-08-06,Ascent,Sentinels,6,6,50.0%,12,johnqt,Cypher,0.79,224.1,23.9,9.8,8.5,121.0
ONGOING,VCT 26: AMER Stage 2,AMER,Jul 16 - Sep 7,2026-08-06,Ascent,Sentinels,6,6,50.0%,12,SACY,Fade,1.09,296.0,17.9,16.5,9.8,187.4
ONGOING,VCT 26: AMER Stage 2,AMER,Jul 16 - Sep 7,2026-08-06,Ascent,Sentinels,6,6,50.0%,12,TenZ,Omen,1.11,155.4,19.5,11.2,7.4,184.5
ONGOING,VCT 26: AMER Stage 2,AMER,Jul 16 - Sep 7,2026-08-06,Ascent,Sentinels,6,6,50.0%,12,Zellsis,KAY/O,1.38,236.4,13.5,12.0,2.4,198.3
ONGOING,VCT 26: AMER Stage 2,AMER,Jul 16 - Sep 7,2026-07-30,Ascent,LOUD,0,0,0.0%,1,Less,Viper,1.3,151.5,16.6,17.6,5.7,149.2
ONGOING,VCT 26: AMER Stage 2,AMER,Jul 16 - Sep 7,2026-07-30,Ascent,LOUD,0,0,0.0%,1,Saadhak,Breach,0.99,243.3,21.4,15.3,2.9,161.0
ONGOING,VCT 26: AMER Stage 2,AMER,Jul 16 - Sep 7,2026-07-30,Ascent,LOUD,0,0,0.0%,1,cauanzin,Sova,1.04,201.1,9.4,16.4,5.2,91.7
ONGOING,VCT 26: AMER Stage 2,AMER,Jul 16 - Sep 7,2026-07-30,Ascent,LOUD,0,0,0.0%,1,tuyz,Omen,1.02,209.3,19.0,17.3,7.6,146.2
ONGOING,VCT 26: AMER Stage 2,AMER,Jul 16 - Sep 7,2026-07-30,Ascent,LOUD,0,0,0.0%,1,qck,Jett,1.41,184.3,19.0,16.4,8.3,118.6
ONGOING,VCT 26: AMER Stage 2,AMER,Jul 16 - Sep 7,2026-07-24,Ascent,NRG,1,10,9.1%,11,Crashies,Sova,1.34,138.7,22.3,16.4,7.8,126.7
ONGOING,VCT 26: AMER Stage 2,AMER,Jul 16 - Sep 7,2026-07-24,Ascent,NRG,1,10,9.1%,11,victor,Raze,1.22,192.3,13.9,9.5,4.4,106.9
ONGOING,VCT 26: AMER Stage 2,AMER,Jul 16 - Sep 7,2026-07-24,Ascent,NRG,1,10,9.1%,11,ETHAN,Breach,0.78,253.7,14.4,16.3,4.1,141.8
ONGOING,VCT 26: AMER Stage 2,AMER,Jul 16 - Sep 7,2026-07-24,Ascent,NRG,1,10,9.1%,11,marved,Omen,1.33,251.9,23.2,12.3,4.1,143.6
ONGOING,VCT 26: AMER Stage 2,AMER,Jul 16 - Sep 7,2026-07-24,Ascent,NRG,1,10,9.1%,11,Fiend,Killjoy,1.13,207.5,14.3,16.2,8.8,122.9
ONGOING,VCT 26: AMER Stage 2,AMER,Jul 16 - Sep 7,2026-08-07,Bind,Cloud9,8,5,61.5%,13,OXY,Neon,1.32,125.6,21.0,9.7,9.3,175.2
ONGOING,VCT 26: AMER Stage 2,AMER,Jul 16 - Sep 7,2026-08-07,Bind,Cloud9,8,5,61.5%,13,Zellsis,Killjoy,1.13,200.9,21.2,17.4,2.3,165.7
ONGOING,VCT 26: AMER Stage 2,AMER,Jul 16 - Sep 7,2026-08-07,Bind,Cloud9,8,5,61.5%,13,penny,Viper,0.89,207.5,18.8,10.9,4.5,129.5
ONGOING,VCT 26: AMER Stage 2,AMER,Jul 16 - Sep 7,2026-08-07,Bind,Cloud9,8,5,61.5%,13,v1c,Omen,1.37,240.9,16.4,17.6,7.8,135.2
ONGOING,VCT 26: AMER Stage 2,AMER,Jul 16 - Sep 7,2026-08-07,Bind,Cloud9,8,5,61.5%,13,Xeppaa,Sova,0.87,243.4,15.2,10.0,8.0,122.4
ONGOING,VCT 26: AMER Stage 2,AMER,Jul 16 - Sep 7,2026-07-29,Bind,Sentinels,4,4,50.0%,8,zekken,Jett,1.03,141.3,21.6,14.6,3.2,140.5
ONGOING,VCT 26: AMER Stage 2,AMER,Jul 16 - Sep 7,2026-07-29,Bind,Sentinels,4,4,50.0%,8,johnqt,Cypher,1.25,136.3,20.1,15.9,2.4,143.3
ONGOING,VCT 26: AMER Stage 2,AMER,Jul 16 - Sep 7,2026-07-29,Bind,Sentinels,4,4,50.0%,8,SACY,Fade,1.07,280.8,13.1,13.6,4.4,154.1
ONGOING,VCT 26: AMER Stage 2,AMER,Jul 16 - Sep 7,2026-07-29,Bind,Sentinels,4,4,50.0%,8,TenZ,Omen,1.42,194.5,15.8,15.3,6.1,188.7
ONGOING,VCT 26: AMER Stage 2,AMER,Jul 16 - Sep 7,2026-07-29,Bind,Sentinels,4,4,50.0%,8,Zellsis,KAY/O,1.42,224.0,17.8,16.9,2.6,158.8
ONGOING,VCT 26: AMER Stage 2,AMER,Jul 16 - Sep 7,2026-08-08,Bind,LOUD,5,9,35.7%,14,Less,Viper,0.79,232.0,13.4,14.0,8.3,89.2
ONGOING,VCT 26: AMER Stage 2,AMER,Jul 16 - Sep 7,2026-08-08,Bind,LOUD,5,9,35.7%,14,Saadhak,Breach,0.92,200.5,20.3,17.3,8.2,110.0
ONGOING,VCT 26: AMER Stage 2,AMER,Jul 16 - Sep 7,2026-08-08,Bind,LOUD,5,9,35.7%,14,cauanzin,Sova,1.36,166.9,21.6,13.9,8.9,167.6
ONGOING,VCT 26: AMER Stage 2,AMER,Jul 16 - Sep 7,2026-08-08,Bind,LOUD,5,9,35.7%,14,tuyz,Omen,0.76,167.4,17.6,12.2,7.7,144.6
ONGOING,VCT 26: AMER Stage 2,AMER,Jul 16 - Sep 7,2026-08-08,Bind,LOUD,5,9,35.7%,14,qck,Jett,0.94,179.8,19.3,16.7,9.9,99.9
ONGOING,VCT 26: AMER Stage 2,AMER,Jul 16 - Sep 7,2026-07-27,Bind,NRG,8,6,57.1%,14,Crashies,Sova,1.26,269.6,9.2,16.5,7.4,89.9
ONGOING,VCT 26: AMER Stage 2,AMER,Jul 16 - Sep 7,2026-07-27,Bind,NRG,8,6,57.1%,14,victor,Raze,1.03,146.1,19.1,11.6,2.1,150.3
ONGOING,VCT 26: AMER Stage 2,AMER,Jul 16 - Sep 7,2026-07-27,Bind,NRG,8,6,57.1%,14,ETHAN,Breach,1.09,210.6,14.8,14.3,6.5,151.5
ONGOING,VCT 26: AMER Stage 2,AMER,Jul 16 - Sep 7,2026-07-27,Bind,NRG,8,6,57.1%,14,marved,Omen,0.89,309.3,12.7,12.8,7.2,87.2
ONGOING,VCT 26: AMER Stage 2,AMER,Jul 16 - Sep 7,2026-07-27,Bind,NRG,8,6,57.1%,14,Fiend,Killjoy,1.02,239.6,17.2,18.0,8.8,164.5
ONGOING,VCT 26: AMER Stage 2,AMER,Jul 16 - Sep 7,2026-08-03,Breeze,Cloud9,4,5,44.4%,9,OXY,Neon,0.69,260.2,13.3,15.6,7.9,176.0
ONGOING,VCT 26: AMER Stage 2,AMER,Jul 16 - Sep 7,2026-08-03,Breeze,Cloud9,4,5,44.4%,9,Zellsis,Killjoy,1.13,307.6,8.7,9.7,7.2,122.6
ONGOING,VCT 26: AMER Stage 2,AMER,Jul 16 - Sep 7,2026-08-03,Breeze,Cloud9,4,5,44.4%,9,penny,Viper,0.75,140.5,10.9,9.3,4.9,111.9
ONGOING,VCT 26: AMER Stage 2,AMER,Jul 16 - Sep 7,2026-08-03,Breeze,Cloud9,4,5,44.4%,9,v1c,Omen,0.92,120.5,8.8,15.7,5.8,109.6
ONGOING,VCT 26: AMER Stage 2,AMER,Jul 16 - Sep 7,2026-08-03,Breeze,Cloud9,4,5,44.4%,9,Xeppaa,Sova,0.74,298.2,17.9,11.1,3.6,162.7
ONGOING,VCT 26: AMER Stage 2,AMER,Jul 16 - Sep 7,2026-08-07,Breeze,Sentinels,0,7,0.0%,7,zekken,Jett,0.74,232.6,18.2,12.6,4.7,138.9
ONGOING,VCT 26: AMER Stage 2,AMER,Jul 16 - Sep 7,2026-08-07,Breeze,Sentinels,0,7,0.0%,7,johnqt,Cypher,1.4,153.1,8.4,15.9,5.0,179.8
ONGOING,VCT 26: AMER Stage 2,AMER,Jul 16 - Sep 7,2026-08-07,Breeze,Sentinels,0,7,0.0%,7,SACY,Fade,1.27,238.0,12.6,10.8,7.0,110.8
ONGOING,VCT 26: AMER Stage 2,AMER,Jul 16 - Sep 7,2026-08-07,Breeze,Sentinels,0,7,0.0%,7,TenZ,Omen,0.68,205.1,14.7,15.1,5.5,177.8
ONGOING,VCT 26: AMER Stage 2,AMER,Jul 16 - Sep 7,2026-08-07,Breeze,Sentinels,0,7,0.0%,7,Zellsis,KAY/O,0.87,165.1,21.6,10.0,6.3,203.8
ONGOING,VCT 26: AMER Stage 2,AMER,Jul 16 - Sep 7,2026-08-08,Breeze,LOUD,4,4,50.0%,8,Less,Viper,0.88,206.6,8.2,13.8,8.0,191.8
ONGOING,VCT 26: AMER Stage 2,AMER,Jul 16 - Sep 7,2026-08-08,Breeze,LOUD,4,4,50.0%,8,Saadhak,Breach,1.28,213.5,13.4,10.6,5.3,122.5
ONGOING,VCT 26: AMER Stage 2,AMER,Jul 16 - Sep 7,2026-08-08,Breeze,LOUD,4,4,50.0%,8,cauanzin,Sova,1.43,274.8,19.7,14.9,5.0,142.9
ONGOING,VCT 26: AMER Stage 2,AMER,Jul 16 - Sep 7,2026-08-08,Breeze,LOUD,4,4,50.0%,8,tuyz,Omen,1.03,147.5,21.9,14.8,5.2,200.7
ONGOING,VCT 26: AMER Stage 2,AMER,Jul 16 - Sep 7,2026-08-08,Breeze,LOUD,4,4,50.0%,8,qck,Jett,1.05,132.5,22.8,18.0,2.1,114.7
ONGOING,VCT 26: AMER Stage 2,AMER,Jul 16 - Sep 7,2026-07-26,Breeze,NRG,8,9,47.1%,17,Crashies,Sova,1.29,166.9,18.3,14.8,7.5,149.8
ONGOING,VCT 26: AMER Stage 2,AMER,Jul 16 - Sep 7,2026-07-26,Breeze,NRG,8,9,47.1%,17,victor,Raze,1.27,224.2,8.9,10.7,7.1,172.2
ONGOING,VCT 26: AMER Stage 2,AMER,Jul 16 - Sep 7,2026-07-26,Breeze,NRG,8,9,47.1%,17,ETHAN,Breach,1.15,266.7,8.4,12.2,7.9,183.8
ONGOING,VCT 26: AMER Stage 2,AMER,Jul 16 - Sep 7,2026-07-26,Breeze,NRG,8,9,47.1%,17,marved,Omen,1.39,185.0,12.0,17.9,9.3,178.2
ONGOING,VCT 26: AMER Stage 2,AMER,Jul 16 - Sep 7,2026-07-26,Breeze,NRG,8,9,47.1%,17,Fiend,Killjoy,1.39,306.5,8.1,16.1,4.4,141.7
ONGOING,VCT 26: AMER Stage 2,AMER,Jul 16 - Sep 7,2026-07-31,Corrode,Cloud9,1,4,20.0%,5,OXY,Neon,1.24,122.8,14.7,10.5,2.2,119.2
ONGOING,VCT 26: AMER Stage 2,AMER,Jul 16 - Sep 7,2026-07-31,Corrode,Cloud9,1,4,20.0%,5,Zellsis,Killjoy,1.19,189.8,12.9,17.8,9.7,199.4
ONGOING,VCT 26: AMER Stage 2,AMER,Jul 16 - Sep 7,2026-07-31,Corrode,Cloud9,1,4,20.0%,5,penny,Viper,1.16,140.7,9.0,15.8,5.6,108.0
ONGOING,VCT 26: AMER Stage 2,AMER,Jul 16 - Sep 7,2026-07-31,Corrode,Cloud9,1,4,20.0%,5,v1c,Omen,1.32,246.9,21.8,12.8,2.2,124.7
ONGOING,VCT 26: AMER Stage 2,AMER,Jul 16 - Sep 7,2026-07-31,Corrode,Cloud9,1,4,20.0%,5,Xeppaa,Sova,0.87,274.8,16.1,9.4,4.1,191.9
ONGOING,VCT 26: AMER Stage 2,AMER,Jul 16 - Sep 7,2026-08-05,Corrode,Sentinels,2,9,18.2%,11,zekken,Jett,1.36,138.8,20.0,15.9,5.6,128.6
ONGOING,VCT 26: AMER Stage 2,AMER,Jul 16 - Sep 7,2026-08-05,Corrode,Sentinels,2,9,18.2%,11,johnqt,Cypher,0.71,168.4,15.6,12.0,7.3,149.5
ONGOING,VCT 26: AMER Stage 2,AMER,Jul 16 - Sep 7,2026-08-05,Corrode,Sentinels,2,9,18.2%,11,SACY,Fade,1.05,217.0,10.6,12.7,9.7,118.5
ONGOING,VCT 26: AMER Stage 2,AMER,Jul 16 - Sep 7,2026-08-05,Corrode,Sentinels,2,9,18.2%,11,TenZ,Omen,1.01,201.2,16.5,17.6,6.8,147.5
ONGOING,VCT 26: AMER Stage 2,AMER,Jul 16 - Sep 7,2026-08-05,Corrode,Sentinels,2,9,18.2%,11,Zellsis,KAY/O,1.07,156.6,16.3,17.9,5.9,113.9
ONGOING,VCT 26: AMER Stage 2,AMER,Jul 16 - Sep 7,2026-07-24,Corrode,LOUD,2,5,28.6%,7,Less,Viper,0.78,222.6,9.1,11.7,3.3,101.8
ONGOING,VCT 26: AMER Stage 2,AMER,Jul 16 - Sep 7,2026-07-24,Corrode,LOUD,2,5,28.6%,7,Saadhak,Breach,1.23,205.3,14.9,15.1,9.4,152.4
ONGOING,VCT 26: AMER Stage 2,AMER,Jul 16 - Sep 7,2026-07-24,Corrode,LOUD,2,5,28.6%,7,cauanzin,Sova,1.18,186.1,9.4,10.1,10.0,156.6
ONGOING,VCT 26: AMER Stage 2,AMER,Jul 16 - Sep 7,2026-07-24,Corrode,LOUD,2,5,28.6%,7,tuyz,Omen,1.17,172.3,20.3,13.5,2.6,183.0
ONGOING,VCT 26: AMER Stage 2,AMER,Jul 16 - Sep 7,2026-07-24,Corrode,LOUD,2,5,28.6%,7,qck,Jett,0.79,164.7,18.0,11.7,5.6,158.8
ONGOING,VCT 26: AMER Stage 2,AMER,Jul 16 - Sep 7,2026-08-08,Corrode,NRG,3,6,33.3%,9,Crashies,Sova,0.82,139.9,15.4,17.2,6.6,156.2
ONGOING,VCT 26: AMER Stage 2,AMER,Jul 16 - Sep 7,2026-08-08,Corrode,NRG,3,6,33.3%,9,victor,Raze,1.23,252.3,11.4,12.2,9.9,108.1
ONGOING,VCT 26: AMER Stage 2,AMER,Jul 16 - Sep 7,2026-08-08,Corrode,NRG,3,6,33.3%,9,ETHAN,Breach,0.8,225.2,21.2,14.5,6.4,102.5
ONGOING,VCT 26: AMER Stage 2,AMER,Jul 16 - Sep 7,2026-08-08,Corrode,NRG,3,6,33.3%,9,marved,Omen,1.3,147.6,16.3,12.1,6.5,90.2
ONGOING,VCT 26: AMER Stage 2,AMER,Jul 16 - Sep 7,2026-08-08,Corrode,NRG,3,6,33.3%,9,Fiend,Killjoy,0.72,277.9,14.1,9.4,4.2,173.0
ONGOING,VCT 26: AMER Stage 2,AMER,Jul 16 - Sep 7,2026-08-02,Fracture,Cloud9,4,5,44.4%,9,OXY,Neon,0.81,170.3,9.1,17.2,3.5,156.5
ONGOING,VCT 26: AMER Stage 2,AMER,Jul 16 - Sep 7,2026-08-02,Fracture,Cloud9,4,5,44.4%,9,Zellsis,Killjoy,1.31,300.4,15.4,18.0,5.0,97.4
ONGOING,VCT 26: AMER Stage 2,AMER,Jul 16 - Sep 7,2026-08-02,Fracture,Cloud9,4,5,44.4%,9,penny,Viper,1.05,272.1,14.8,14.9,8.1,115.4
ONGOING,VCT 26: AMER Stage 2,AMER,Jul 16 - Sep 7,2026-08-02,Fracture,Cloud9,4,5,44.4%,9,v1c,Omen,0.96,237.1,20.5,15.7,5.4,166.9
ONGOING,VCT 26: AMER Stage 2,AMER,Jul 16 - Sep 7,2026-08-02,Fracture,Cloud9,4,5,44.4%,9,Xeppaa,Sova,1.36,269.2,14.9,12.5,4.6,152.3
ONGOING,VCT 26: AMER Stage 2,AMER,Jul 16 - Sep 7,2026-08-04,Fracture,Sentinels,7,8,46.7%,15,zekken,Jett,0.76,300.3,22.1,12.7,2.8,97.4
ONGOING,VCT 26: AMER Stage 2,AMER,Jul 16 - Sep 7,2026-08-04,Fracture,Sentinels,7,8,46.7%,15,johnqt,Cypher,0.95,169.1,13.2,16.0,7.0,200.2
ONGOING,VCT 26: AMER Stage 2,AMER,Jul 16 - Sep 7,2026-08-04,Fracture,Sentinels,7,8,46.7%,15,SACY,Fade,1.4,144.5,14.9,10.4,9.6,102.9
ONGOING,VCT 26: AMER Stage 2,AMER,Jul 16 - Sep 7,2026-08-04,Fracture,Sentinels,7,8,46.7%,15,TenZ,Omen,1.09,136.3,15.5,15.3,6.6,133.3
ONGOING,VCT 26: AMER Stage 2,AMER,Jul 16 - Sep 7,2026-08-04,Fracture,Sentinels,7,8,46.7%,15,Zellsis,KAY/O,1.02,254.1,16.1,12.4,8.3,181.8
ONGOING,VCT 26: AMER Stage 2,AMER,Jul 16 - Sep 7,2026-08-06,Fracture,LOUD,6,7,46.2%,13,Less,Viper,1.39,237.5,23.6,14.2,7.5,153.1
ONGOING,VCT 26: AMER Stage 2,AMER,Jul 16 - Sep 7,2026-08-06,Fracture,LOUD,6,7,46.2%,13,Saadhak,Breach,1.22,123.2,22.5,9.5,7.8,205.0
ONGOING,VCT 26: AMER Stage 2,AMER,Jul 16 - Sep 7,2026-08-06,Fracture,LOUD,6,7,46.2%,13,cauanzin,Sova,1.04,254.9,18.9,15.8,7.9,195.4
ONGOING,VCT 26: AMER Stage 2,AMER,Jul 16 - Sep 7,2026-08-06,Fracture,LOUD,6,7,46.2%,13,tuyz,Omen,0.91,244.3,16.1,12.4,7.2,175.2
ONGOING,VCT 26: AMER Stage 2,AMER,Jul 16 - Sep 7,2026-08-06,Fracture,LOUD,6,7,46.2%,13,qck,Jett,1.05,304.2,9.5,14.2,4.8,132.9
ONGOING,VCT 26: AMER Stage 2,AMER,Jul 16 - Sep 7,2026-08-01,Fracture,NRG,8,2,80.0%,10,Crashies,Sova,0.93,160.8,22.2,13.5,5.1,194.9
ONGOING,VCT 26: AMER Stage 2,AMER,Jul 16 - Sep 7,2026-08-01,Fracture,NRG,8,2,80.0%,10,victor,Raze,1.21,264.2,22.8,11.3,6.6,141.4
ONGOING,VCT 26: AMER Stage 2,AMER,Jul 16 - Sep 7,2026-08-01,Fracture,NRG,8,2,80.0%,10,ETHAN,Breach,0.91,241.3,22.0,17.4,9.4,86.2
ONGOING,VCT 26: AMER Stage 2,AMER,Jul 16 - Sep 7,2026-08-01,Fracture,NRG,8,2,80.0%,10,marved,Omen,0.97,151.1,16.5,10.1,6.2,166.4
ONGOING,VCT 26: AMER Stage 2,AMER,Jul 16 - Sep 7,2026-08-01,Fracture,NRG,8,2,80.0%,10,Fiend,Killjoy,0.89,186.2,19.0,16.6,9.6,121.5
ONGOING,VCT 26: AMER Stage 2,AMER,Jul 16 - Sep 7,2026-07-31,Haven,Cloud9,0,10,0.0%,10,OXY,Neon,1.28,223.4,15.0,9.7,6.9,189.2
ONGOING,VCT 26: AMER Stage 2,AMER,Jul 16 - Sep 7,2026-07-31,Haven,Cloud9,0,10,0.0%,10,Zellsis,Killjoy,0.82,306.7,15.1,13.1,3.2,170.9
ONGOING,VCT 26: AMER Stage 2,AMER,Jul 16 - Sep 7,2026-07-31,Haven,Cloud9,0,10,0.0%,10,penny,Viper,0.96,253.7,11.4,9.6,4.3,183.0
ONGOING,VCT 26: AMER Stage 2,AMER,Jul 16 - Sep 7,2026-07-31,Haven,Cloud9,0,10,0.0%,10,v1c,Omen,1.36,304.7,19.0,17.0,6.7,91.8
ONGOING,VCT 26: AMER Stage 2,AMER,Jul 16 - Sep 7,2026-07-31,Haven,Cloud9,0,10,0.0%,10,Xeppaa,Sova,0.93,260.1,12.9,15.8,3.0,190.0
ONGOING,VCT 26: AMER Stage 2,AMER,Jul 16 - Sep 7,2026-07-31,Haven,Sentinels,5,6,45.5%,11,zekken,Jett,0.71,148.3,11.5,14.5,8.3,99.0
ONGOING,VCT 26: AMER Stage 2,AMER,Jul 16 - Sep 7,2026-07-31,Haven,Sentinels,5,6,45.5%,11,johnqt,Cypher,1.06,295.2,10.2,15.6,8.5,106.9
ONGOING,VCT 26: AMER Stage 2,AMER,Jul 16 - Sep 7,2026-07-31,Haven,Sentinels,5,6,45.5%,11,SACY,Fade,0.71,279.4,8.5,11.1,8.6,90.9
ONGOING,VCT 26: AMER Stage 2,AMER,Jul 16 - Sep 7,2026-07-31,Haven,Sentinels,5,6,45.5%,11,TenZ,Omen,1.33,290.9,10.1,17.7,3.1,98.5
ONGOING,VCT 26: AMER Stage 2,AMER,Jul 16 - Sep 7,2026-07-31,Haven,Sentinels,5,6,45.5%,11,Zellsis,KAY/O,1.32,275.1,10.5,18.0,5.8,112.2
ONGOING,VCT 26: AMER Stage 2,AMER,Jul 16 - Sep 7,2026-07-25,Haven,LOUD,8,8,50.0%,16,Less,Viper,1.15,190.5,13.2,15.8,6.2,159.9
ONGOING,VCT 26: AMER Stage 2,AMER,Jul 16 - Sep 7,2026-07-25,Haven,LOUD,8,8,50.0%,16,Saadhak,Breach,1.17,309.6,21.7,9.3,8.5,94.9
ONGOING,VCT 26: AMER Stage 2,AMER,Jul 16 - Sep 7,2026-07-25,Haven,LOUD,8,8,50.0%,16,cauanzin,Sova,1.23,164.7,20.6,12.1,2.3,157.0
ONGOING,VCT 26: AMER Stage 2,AMER,Jul 16 - Sep 7,2026-07-25,Haven,LOUD,8,8,50.0%,16,tuyz,Omen,0.92,203.9,20.3,15.5,2.4,100.1
ONGOING,VCT 26: AMER Stage 2,AMER,Jul 16 - Sep 7,2026-07-25,Haven,LOUD,8,8,50.0%,16,qck,Jett,0.95,289.7,23.6,13.2,5.1,92.4
ONGOING,VCT 26: AMER Stage 2,AMER,Jul 16 - Sep 7,2026-08-07,Haven,NRG,10,7,58.8%,17,Crashies,Sova,0.69,302.4,12.8,16.1,8.7,193.8
ONGOING,VCT 26: AMER Stage 2,AMER,Jul 16 - Sep 7,2026-08-07,Haven,NRG,10,7,58.8%,17,victor,Raze,1.33,140.2,10.7,17.3,3.0,163.2
ONGOING,VCT 26: AMER Stage 2,AMER,Jul 16 - Sep 7,2026-08-07,Haven,NRG,10,7,58.8%,17,ETHAN,Breach,1.14,271.5,18.5,9.1,5.2,93.9
ONGOING,VCT 26: AMER Stage 2,AMER,Jul 16 - Sep 7,2026-08-07,Haven,NRG,10,7,58.8%,17,marved,Omen,1.36,131.7,12.2,12.8,5.6,169.8
ONGOING,VCT 26: AMER Stage 2,AMER,Jul 16 - Sep 7,2026-08-07,Haven,NRG,10,7,58.8%,17,Fiend,Killjoy,0.8,141.5,14.8,11.9,5.8,143.0
ONGOING,VCT 26: AMER Stage 2,AMER,Jul 16 - Sep 7,2026-07-28,Icebox,Cloud9,8,2,80.0%,10,OXY,Neon,1.35,174.9,14.9,15.0,6.8,129.0
ONGOING,VCT 26: AMER Stage 2,AMER,Jul 16 - Sep 7,2026-07-28,Icebox,Cloud9,8,2,80.0%,10,Zellsis,Killjoy,1.21,268.1,23.2,10.9,7.4,140.3
ONGOING,VCT 26: AMER Stage 2,AMER,Jul 16 - Sep 7,2026-07-28,Icebox,Cloud9,8,2,80.0%,10,penny,Viper,1.36,198.2,17.2,10.0,8.8,195.8
ONGOING,VCT 26: AMER Stage 2,AMER,Jul 16 - Sep 7,2026-07-28,Icebox,Cloud9,8,2,80.0%,10,v1c,Omen,1.32,218.4,14.9,18.0,7.5,109.6
ONGOING,VCT 26: AMER Stage 2,AMER,Jul 16 - Sep 7,2026-07-28,Icebox,Cloud9,8,2,80.0%,10,Xeppaa,Sova,0.81,266.0,18.9,15.6,4.4,133.2
ONGOING,VCT 26: AMER Stage 2,AMER,Jul 16 - Sep 7,2026-08-05,Icebox,Sentinels,5,3,62.5%,8,zekken,Jett,1.0,292.9,10.2,11.4,2.7,196.4
ONGOING,VCT 26: AMER Stage 2,AMER,Jul 16 - Sep 7,2026-08-05,Icebox,Sentinels,5,3,62.5%,8,johnqt,Cypher,1.06,302.4,16.1,9.2,2.5,101.1
ONGOING,VCT 26: AMER Stage 2,AMER,Jul 16 - Sep 7,2026-08-05,Icebox,Sentinels,5,3,62.5%,8,SACY,Fade,0.91,212.2,10.2,15.8,4.5,86.9
ONGOING,VCT 26: AMER Stage 2,AMER,Jul 16 - Sep 7,2026-08-05,Icebox,Sentinels,5,3,62.5%,8,TenZ,Omen,0.67,211.6,13.3,17.5,2.1,203.5
ONGOING,VCT 26: AMER Stage 2,AMER,Jul 16 - Sep 7,2026-08-05,Icebox,Sentinels,5,3,62.5%,8,Zellsis,KAY/O,0.68,137.2,11.8,12.4,8.6,174.2
ONGOING,VCT 26: AMER Stage 2,AMER,Jul 16 - Sep 7,2026-07-26,Icebox,LOUD,3,2,60.0%,5,Less,Viper,1.44,134.0,18.3,10.0,7.5,196.1
ONGOING,VCT 26: AMER Stage 2,AMER,Jul 16 - Sep 7,2026-07-26,Icebox,LOUD,3,2,60.0%,5,Saadhak,Breach,0.96,169.3,8.5,16.6,3.1,93.9
ONGOING,VCT 26: AMER Stage 2,AMER,Jul 16 - Sep 7,2026-07-26,Icebox,LOUD,3,2,60.0%,5,cauanzin,Sova,0.95,190.3,22.4,15.6,7.6,181.4
ONGOING,VCT 26: AMER Stage 2,AMER,Jul 16 - Sep 7,2026-07-26,Icebox,LOUD,3,2,60.0%,5,tuyz,Omen,0.86,138.6,19.9,13.0,6.4,130.4
ONGOING,VCT 26: AMER Stage 2,AMER,Jul 16 - Sep 7,2026-07-26,Icebox,LOUD,3,2,60.0%,5,qck,Jett,0.77,191.0,16.0,10.7,5.2,128.4
ONGOING,VCT 26: AMER Stage 2,AMER,Jul 16 - Sep 7,2026-08-07,Icebox,NRG,8,6,57.1%,14,Crashies,Sova,1.16,269.2,10.2,9.2,4.5,86.4
ONGOING,VCT 26: AMER Stage 2,AMER,Jul 16 - Sep 7,2026-08-07,Icebox,NRG,8,6,57.1%,14,victor,Raze,0.85,228.4,20.5,10.8,9.8,148.8
ONGOING,VCT 26: AMER Stage 2,AMER,Jul 16 - Sep 7,2026-08-07,Icebox,NRG,8,6,57.1%,14,ETHAN,Breach,1.34,123.1,13.9,14.5,7.3,185.3
ONGOING,VCT 26: AMER Stage 2,AMER,Jul 16 - Sep 7,2026-08-07,Icebox,NRG,8,6,57.1%,14,marved,Omen,1.17,287.7,8.5,16.4,3.9,162.0
ONGOING,VCT 26: AMER Stage 2,AMER,Jul 16 - Sep 7,2026-08-07,Icebox,NRG,8,6,57.1%,14,Fiend,Killjoy,0.67,238.6,23.7,12.7,2.0,130.2
ONGOING,VCT 26: AMER Stage 2,AMER,Jul 16 - Sep 7,2026-07-26,Lotus,Cloud9,6,10,37.5%,16,OXY,Neon,0.96,273.7,16.8,17.2,7.5,161.2
ONGOING,VCT 26: AMER Stage 2,AMER,Jul 16 - Sep 7,2026-07-26,Lotus,Cloud9,6,10,37.5%,16,Zellsis,Killjoy,1.09,261.1,22.3,17.5,8.6,153.4
ONGOING,VCT 26: AMER Stage 2,AMER,Jul 16 - Sep 7,2026-07-26,Lotus,Cloud9,6,10,37.5%,16,penny,Viper,0.74,228.0,18.8,17.0,3.5,135.1
ONGOING,VCT 26: AMER Stage 2,AMER,Jul 16 - Sep 7,2026-07-26,Lotus,Cloud9,6,10,37.5%,16,v1c,Omen,0.66,267.7,11.4,10.8,9.5,115.2
ONGOING,VCT 26: AMER Stage 2,AMER,Jul 16 - Sep 7,2026-07-26,Lotus,Cloud9,6,10,37.5%,16,Xeppaa,Sova,1.28,296.6,12.3,10.7,4.9,159.7
ONGOING,VCT 26: AMER Stage 2,AMER,Jul 16 - Sep 7,2026-07-30,Lotus,Sentinels,0,10,0.0%,10,zekken,Jett,1.08,163.0,17.0,12.7,3.1,133.1
ONGOING,VCT 26: AMER Stage 2,AMER,Jul 16 - Sep 7,2026-07-30,Lotus,Sentinels,0,10,0.0%,10,johnqt,Cypher,1.32,246.9,13.5,16.2,7.8,112.5
ONGOING,VCT 26: AMER Stage 2,AMER,Jul 16 - Sep 7,2026-07-30,Lotus,Sentinels,0,10,0.0%,10,SACY,Fade,1.27,252.7,15.8,11.5,6.7,136.2
ONGOING,VCT 26: AMER Stage 2,AMER,Jul 16 - Sep 7,2026-07-30,Lotus,Sentinels,0,10,0.0%,10,TenZ,Omen,1.16,212.5,21.5,10.9,6.4,195.4
ONGOING,VCT 26: AMER Stage 2,AMER,Jul 16 - Sep 7,2026-07-30,Lotus,Sentinels,0,10,0.0%,10,Zellsis,KAY/O,0.98,218.5,12.0,13.8,9.6,177.9
ONGOING,VCT 26: AMER Stage 2,AMER,Jul 16 - Sep 7,2026-08-08,Lotus,LOUD,4,6,40.0%,10,Less,Viper,0.82,169.9,17.8,10.0,8.9,165.6
ONGOING,VCT 26: AMER Stage 2,AMER,Jul 16 - Sep 7,2026-08-08,Lotus,LOUD,4,6,40.0%,10,Saadhak,Breach,0.82,162.8,21.3,12.5,8.2,108.2
ONGOING,VCT 26: AMER Stage 2,AMER,Jul 16 - Sep 7,2026-08-08,Lotus,LOUD,4,6,40.0%,10,cauanzin,Sova,0.75,305.3,16.5,17.6,4.7,152.9
ONGOING,VCT 26: AMER Stage 2,AMER,Jul 16 - Sep 7,2026-08-08,Lotus,LOUD,4,6,40.0%,10,tuyz,Omen,1.15,283.2,22.1,13.4,4.4,135.0
ONGOING,VCT 26: AMER Stage 2,AMER,Jul 16 - Sep 7,2026-08-08,Lotus,LOUD,4,6,40.0%,10,qck,Jett,0.81,130.1,24.0,17.2,10.0,160.1
ONGOING,VCT 26: AMER Stage 2,AMER,Jul 16 - Sep 7,2026-07-26,Lotus,NRG,5,8,38.5%,13,Crashies,Sova,0.98,160.8,9.7,15.5,2.7,167.3
ONGOING,VCT 26: AMER Stage 2,AMER,Jul 16 - Sep 7,2026-07-26,Lotus,NRG,5,8,38.5%,13,victor,Raze,0.95,122.0,15.2,12.6,5.8,107.8
ONGOING,VCT 26: AMER Stage 2,AMER,Jul 16 - Sep 7,2026-07-26,Lotus,NRG,5,8,38.5%,13,ETHAN,Breach,0.71,122.0,9.2,11.4,8.6,202.5
ONGOING,VCT 26: AMER Stage 2,AMER,Jul 16 - Sep 7,2026-07-26,Lotus,NRG,5,8,38.5%,13,marved,Omen,1.37,308.5,10.9,9.5,4.3,192.2
ONGOING,VCT 26: AMER Stage 2,AMER,Jul 16 - Sep 7,2026-07-26,Lotus,NRG,5,8,38.5%,13,Fiend,Killjoy,0.77,155.7,18.1,15.0,2.3,167.5
ONGOING,VCT 26: AMER Stage 2,AMER,Jul 16 - Sep 7,2026-07-28,Pearl,Cloud9,5,10,33.3%,15,OXY,Neon,1.43,178.8,17.0,10.6,2.1,168.1
ONGOING,VCT 26: AMER Stage 2,AMER,Jul 16 - Sep 7,2026-07-28,Pearl,Cloud9,5,10,33.3%,15,Zellsis,Killjoy,0.99,149.7,16.5,12.6,9.3,151.5
ONGOING,VCT 26: AMER Stage 2,AMER,Jul 16 - Sep 7,2026-07-28,Pearl,Cloud9,5,10,33.3%,15,penny,Viper,1.36,242.8,9.2,9.7,3.5,156.2
ONGOING,VCT 26: AMER Stage 2,AMER,Jul 16 - Sep 7,2026-07-28,Pearl,Cloud9,5,10,33.3%,15,v1c,Omen,0.67,267.9,8.4,13.9,7.5,149.1
ONGOING,VCT 26: AMER Stage 2,AMER,Jul 16 - Sep 7,2026-07-28,Pearl,Cloud9,5,10,33.3%,15,Xeppaa,Sova,1.32,268.9,11.5,13.6,4.9,110.7
ONGOING,VCT 26: AMER Stage 2,AMER,Jul 16 - Sep 7,2026-07-31,Pearl,Sentinels,1,7,12.5%,8,zekken,Jett,1.07,136.4,8.4,16.4,5.2,152.6
ONGOING,VCT 26: AMER Stage 2,AMER,Jul 16 - Sep 7,2026-07-31,Pearl,Sentinels,1,7,12.5%,8,johnqt,Cypher,1.18,211.2,13.5,12.9,2.8,101.0
ONGOING,VCT 26: AMER Stage 2,AMER,Jul 16 - Sep 7,2026-07-31,Pearl,Sentinels,1,7,12.5%,8,SACY,Fade,1.09,202.7,16.0,17.6,9.0,204.7
ONGOING,VCT 26: AMER Stage 2,AMER,Jul 16 - Sep 7,2026-07-31,Pearl,Sentinels,1,7,12.5%,8,TenZ,Omen,1.15,121.4,10.9,12.6,9.0,143.5
ONGOING,VCT 26: AMER Stage 2,AMER,Jul 16 - Sep 7,2026-07-31,Pearl,Sentinels,1,7,12.5%,8,Zellsis,KAY/O,1.43,208.0,9.2,15.4,2.1,144.8
ONGOING,VCT 26: AMER Stage 2,AMER,Jul 16 - Sep 7,2026-07-25,Pearl,LOUD,1,4,20.0%,5,Less,Viper,1.31,291.7,23.3,9.9,9.9,120.7
ONGOING,VCT 26: AMER Stage 2,AMER,Jul 16 - Sep 7,2026-07-25,Pearl,LOUD,1,4,20.0%,5,Saadhak,Breach,1.28,207.1,18.5,18.0,8.1,136.2
ONGOING,VCT 26: AMER Stage 2,AMER,Jul 16 - Sep 7,2026-07-25,Pearl,LOUD,1,4,20.0%,5,cauanzin,Sova,1.14,200.6,15.9,15.8,8.1,172.3
ONGOING,VCT 26: AMER Stage 2,AMER,Jul 16 - Sep 7,2026-07-25,Pearl,LOUD,1,4,20.0%,5,tuyz,Omen,1.03,172.6,17.2,11.8,9.5,117.9
ONGOING,VCT 26: AMER Stage 2,AMER,Jul 16 - Sep 7,2026-07-25,Pearl,LOUD,1,4,20.0%,5,qck,Jett,0.67,265.0,18.4,13.7,9.8,124.6
ONGOING,VCT 26: AMER Stage 2,AMER,Jul 16 - Sep 7,2026-07-28,Pearl,NRG,6,9,40.0%,15,Crashies,Sova,1.21,272.2,19.3,10.1,9.1,133.2
ONGOING,VCT 26: AMER Stage 2,AMER,Jul 16 - Sep 7,2026-07-28,Pearl,NRG,6,9,40.0%,15,victor,Raze,0.65,146.8,19.9,17.8,4.9,143.1
ONGOING,VCT 26: AMER Stage 2,AMER,Jul 16 - Sep 7,2026-07-28,Pearl,NRG,6,9,40.0%,15,ETHAN,Breach,1.04,274.1,9.2,16.4,5.2,112.6
ONGOING,VCT 26: AMER Stage 2,AMER,Jul 16 - Sep 7,2026-07-28,Pearl,NRG,6,9,40.0%,15,marved,Omen,1.19,241.2,15.9,12.7,3.9,138.1
ONGOING,VCT 26: AMER Stage 2,AMER,Jul 16 - Sep 7,2026-07-28,Pearl,NRG,6,9,40.0%,15,Fiend,Killjoy,1.33,138.9,13.2,10.3,5.5,104.7
ONGOING,VCT 26: AMER Stage 2,AMER,Jul 16 - Sep 7,2026-08-01,Split,Cloud9,2,9,18.2%,11,OXY,Neon,1.03,220.8,21.2,14.5,2.1,187.3
ONGOING,VCT 26: AMER Stage 2,AMER,Jul 16 - Sep 7,2026-08-01,Split,Cloud9,2,9,18.2%,11,Zellsis,Killjoy,0.95,267.5,14.9,12.3,2.7,158.6
ONGOING,VCT 26: AMER Stage 2,AMER,Jul 16 - Sep 7,2026-08-01,Split,Cloud9,2,9,18.2%,11,penny,Viper,1.23,260.3,10.1,16.2,4.8,170.9
ONGOING,VCT 26: AMER Stage 2,AMER,Jul 16 - Sep 7,2026-08-01,Split,Cloud9,2,9,18.2%,11,v1c,Omen,0.83,121.7,11.1,14.8,2.9,100.7
ONGOING,VCT 26: AMER Stage 2,AMER,Jul 16 - Sep 7,2026-08-01,Split,Cloud9,2,9,18.2%,11,Xeppaa,Sova,0.83,219.6,21.7,13.4,2.0,174.3
ONGOING,VCT 26: AMER Stage 2,AMER,Jul 16 - Sep 7,2026-07-25,Split,Sentinels,3,3,50.0%,6,zekken,Jett,0.97,210.5,17.3,10.5,7.1,86.2
ONGOING,VCT 26: AMER Stage 2,AMER,Jul 16 - Sep 7,2026-07-25,Split,Sentinels,3,3,50.0%,6,johnqt,Cypher,0.71,126.9,11.1,16.5,9.6,196.7
ONGOING,VCT 26: AMER Stage 2,AMER,Jul 16 - Sep 7,2026-07-25,Split,Sentinels,3,3,50.0%,6,SACY,Fade,1.41,185.3,17.9,11.2,3.9,120.3
ONGOING,VCT 26: AMER Stage 2,AMER,Jul 16 - Sep 7,2026-07-25,Split,Sentinels,3,3,50.0%,6,TenZ,Omen,0.86,293.3,19.5,14.3,9.9,166.4
ONGOING,VCT 26: AMER Stage 2,AMER,Jul 16 - Sep 7,2026-07-25,Split,Sentinels,3,3,50.0%,6,Zellsis,KAY/O,0.8,139.5,24.0,12.9,4.4,162.3
ONGOING,VCT 26: AMER Stage 2,AMER,Jul 16 - Sep 7,2026-07-30,Split,LOUD,2,0,100.0%,2,Less,Viper,0.9,244.0,20.4,13.9,2.9,168.3
ONGOING,VCT 26: AMER Stage 2,AMER,Jul 16 - Sep 7,2026-07-30,Split,LOUD,2,0,100.0%,2,Saadhak,Breach,1.16,144.3,11.7,9.3,9.7,105.3
ONGOING,VCT 26: AMER Stage 2,AMER,Jul 16 - Sep 7,2026-07-30,Split,LOUD,2,0,100.0%,2,cauanzin,Sova,1.11,309.7,8.7,9.0,7.4,181.7
ONGOING,VCT 26: AMER Stage 2,AMER,Jul 16 - Sep 7,2026-07-30,Split,LOUD,2,0,100.0%,2,tuyz,Omen,0.73,278.0,22.3,10.6,7.9,174.2
ONGOING,VCT 26: AMER Stage 2,AMER,Jul 16 - Sep 7,2026-07-30,Split,LOUD,2,0,100.0%,2,qck,Jett,0.96,303.9,21.5,17.3,2.6,129.2
ONGOING,VCT 26: AMER Stage 2,AMER,Jul 16 - Sep 7,2026-08-08,Split,NRG,4,0,100.0%,4,Crashies,Sova,1.11,125.0,21.1,16.6,3.6,115.5
ONGOING,VCT 26: AMER Stage 2,AMER,Jul 16 - Sep 7,2026-08-08,Split,NRG,4,0,100.0%,4,victor,Raze,0.92,144.2,18.5,17.9,5.5,130.0
ONGOING,VCT 26: AMER Stage 2,AMER,Jul 16 - Sep 7,2026-08-08,Split,NRG,4,0,100.0%,4,ETHAN,Breach,1.02,165.0,15.9,10.9,2.1,115.4
ONGOING,VCT 26: AMER Stage 2,AMER,Jul 16 - Sep 7,2026-08-08,Split,NRG,4,0,100.0%,4,marved,Omen,1.22,151.7,12.5,13.3,4.5,187.6
ONGOING,VCT 26: AMER Stage 2,AMER,Jul 16 - Sep 7,2026-08-08,Split,NRG,4,0,100.0%,4,Fiend,Killjoy,1.21,140.1,18.7,9.5,5.1,198.9
ONGOING,VCT 26: AMER Stage 2,AMER,Jul 16 - Sep 7,2026-07-28,Summit,Cloud9,2,7,22.2%,9,OXY,Neon,0.95,124.2,18.7,16.3,5.4,143.1
ONGOING,VCT 26: AMER Stage 2,AMER,Jul 16 - Sep 7,2026-07-28,Summit,Cloud9,2,7,22.2%,9,Zellsis,Killjoy,1.19,249.8,9.6,15.8,7.0,116.6
ONGOING,VCT 26: AMER Stage 2,AMER,Jul 16 - Sep 7,2026-07-28,Summit,Cloud9,2,7,22.2%,9,penny,Viper,0.92,125.8,13.7,12.1,4.5,99.5
ONGOING,VCT 26: AMER Stage 2,AMER,Jul 16 - Sep 7,2026-07-28,Summit,Cloud9,2,7,22.2%,9,v1c,Omen,1.13,298.1,8.4,12.2,8.9,126.7
ONGOING,VCT 26: AMER Stage 2,AMER,Jul 16 - Sep 7,2026-07-28,Summit,Cloud9,2,7,22.2%,9,Xeppaa,Sova,1.07,239.8,13.9,9.3,9.4,178.4
ONGOING,VCT 26: AMER Stage 2,AMER,Jul 16 - Sep 7,2026-08-02,Summit,Sentinels,0,10,0.0%,10,zekken,Jett,1.24,294.9,21.6,17.2,2.8,165.4
ONGOING,VCT 26: AMER Stage 2,AMER,Jul 16 - Sep 7,2026-08-02,Summit,Sentinels,0,10,0.0%,10,johnqt,Cypher,1.29,291.4,10.0,16.5,4.2,185.6
ONGOING,VCT 26: AMER Stage 2,AMER,Jul 16 - Sep 7,2026-08-02,Summit,Sentinels,0,10,0.0%,10,SACY,Fade,0.68,179.9,14.6,16.1,4.3,137.4
ONGOING,VCT 26: AMER Stage 2,AMER,Jul 16 - Sep 7,2026-08-02,Summit,Sentinels,0,10,0.0%,10,TenZ,Omen,1.44,172.9,11.8,9.6,6.2,125.1
ONGOING,VCT 26: AMER Stage 2,AMER,Jul 16 - Sep 7,2026-08-02,Summit,Sentinels,0,10,0.0%,10,Zellsis,KAY/O,0.96,300.3,11.1,9.4,9.9,196.4
ONGOING,VCT 26: AMER Stage 2,AMER,Jul 16 - Sep 7,2026-07-27,Summit,LOUD,2,1,66.7%,3,Less,Viper,1.22,256.6,9.8,14.0,7.7,107.2
ONGOING,VCT 26: AMER Stage 2,AMER,Jul 16 - Sep 7,2026-07-27,Summit,LOUD,2,1,66.7%,3,Saadhak,Breach,1.16,289.5,22.5,17.7,9.6,137.4
ONGOING,VCT 26: AMER Stage 2,AMER,Jul 16 - Sep 7,2026-07-27,Summit,LOUD,2,1,66.7%,3,cauanzin,Sova,1.02,234.2,19.4,9.8,4.1,191.6
ONGOING,VCT 26: AMER Stage 2,AMER,Jul 16 - Sep 7,2026-07-27,Summit,LOUD,2,1,66.7%,3,tuyz,Omen,1.27,134.0,11.8,10.1,3.8,99.8
ONGOING,VCT 26: AMER Stage 2,AMER,Jul 16 - Sep 7,2026-07-27,Summit,LOUD,2,1,66.7%,3,qck,Jett,0.97,275.7,17.9,15.6,4.4,130.7
ONGOING,VCT 26: AMER Stage 2,AMER,Jul 16 - Sep 7,2026-08-01,Summit,NRG,10,5,66.7%,15,Crashies,Sova,1.25,211.1,11.2,12.8,9.8,153.5
ONGOING,VCT 26: AMER Stage 2,AMER,Jul 16 - Sep 7,2026-08-01,Summit,NRG,10,5,66.7%,15,victor,Raze,1.26,195.8,11.8,12.6,3.0,203.5
ONGOING,VCT 26: AMER Stage 2,AMER,Jul 16 - Sep 7,2026-08-01,Summit,NRG,10,5,66.7%,15,ETHAN,Breach,1.4,168.2,23.7,14.7,9.4,130.6
ONGOING,VCT 26: AMER Stage 2,AMER,Jul 16 - Sep 7,2026-08-01,Summit,NRG,10,5,66.7%,15,marved,Omen,1.39,124.1,21.4,12.8,7.0,202.7
ONGOING,VCT 26: AMER Stage 2,AMER,Jul 16 - Sep 7,2026-08-01,Summit,NRG,10,5,66.7%,15,Fiend,Killjoy,0.94,243.8,18.0,15.8,7.1,110.6
ONGOING,VCT 26: AMER Stage 2,AMER,Jul 16 - Sep 7,2026-08-01,Sunset,Cloud9,3,4,42.9%,7,OXY,Neon,1.43,217.7,16.9,9.6,4.9,132.6
ONGOING,VCT 26: AMER Stage 2,AMER,Jul 16 - Sep 7,2026-08-01,Sunset,Cloud9,3,4,42.9%,7,Zellsis,Killjoy,0.95,292.8,16.9,9.0,3.9,199.4
ONGOING,VCT 26: AMER Stage 2,AMER,Jul 16 - Sep 7,2026-08-01,Sunset,Cloud9,3,4,42.9%,7,penny,Viper,1.14,133.0,13.2,11.7,5.2,142.1
ONGOING,VCT 26: AMER Stage 2,AMER,Jul 16 - Sep 7,2026-08-01,Sunset,Cloud9,3,4,42.9%,7,v1c,Omen,0.97,135.3,17.1,17.5,5.0,134.5
ONGOING,VCT 26: AMER Stage 2,AMER,Jul 16 - Sep 7,2026-08-01,Sunset,Cloud9,3,4,42.9%,7,Xeppaa,Sova,0.83,145.1,13.7,10.3,3.3,148.6
ONGOING,VCT 26: AMER Stage 2,AMER,Jul 16 - Sep 7,2026-07-26,Sunset,Sentinels,3,5,37.5%,8,zekken,Jett,0.73,188.1,14.1,16.2,3.6,185.9
ONGOING,VCT 26: AMER Stage 2,AMER,Jul 16 - Sep 7,2026-07-26,Sunset,Sentinels,3,5,37.5%,8,johnqt,Cypher,1.17,137.3,17.2,12.9,5.4,91.5
ONGOING,VCT 26: AMER Stage 2,AMER,Jul 16 - Sep 7,2026-07-26,Sunset,Sentinels,3,5,37.5%,8,SACY,Fade,0.68,257.9,20.0,12.5,5.5,140.5
ONGOING,VCT 26: AMER Stage 2,AMER,Jul 16 - Sep 7,2026-07-26,Sunset,Sentinels,3,5,37.5%,8,TenZ,Omen,1.21,175.7,14.1,9.9,8.6,159.9
ONGOING,VCT 26: AMER Stage 2,AMER,Jul 16 - Sep 7,2026-07-26,Sunset,Sentinels,3,5,37.5%,8,Zellsis,KAY/O,1.02,269.6,21.0,15.6,5.9,184.7
ONGOING,VCT 26: AMER Stage 2,AMER,Jul 16 - Sep 7,2026-08-07,Sunset,LOUD,7,3,70.0%,10,Less,Viper,1.14,251.0,11.2,11.9,2.0,103.8
ONGOING,VCT 26: AMER Stage 2,AMER,Jul 16 - Sep 7,2026-08-07,Sunset,LOUD,7,3,70.0%,10,Saadhak,Breach,1.0,146.2,17.3,16.5,6.0,197.9
ONGOING,VCT 26: AMER Stage 2,AMER,Jul 16 - Sep 7,2026-08-07,Sunset,LOUD,7,3,70.0%,10,cauanzin,Sova,0.97,305.3,21.5,14.2,4.6,198.8
ONGOING,VCT 26: AMER Stage 2,AMER,Jul 16 - Sep 7,2026-08-07,Sunset,LOUD,7,3,70.0%,10,tuyz,Omen,0.99,297.2,11.4,16.8,3.1,203.0
ONGOING,VCT 26: AMER Stage 2,AMER,Jul 16 - Sep 7,2026-08-07,Sunset,LOUD,7,3,70.0%,10,qck,Jett,0.81,196.6,21.8,9.7,8.9,119.9
ONGOING,VCT 26: AMER Stage 2,AMER,Jul 16 - Sep 7,2026-08-04,Sunset,NRG,1,5,16.7%,6,Crashies,Sova,1.42,239.7,22.2,9.1,6.7,157.0
ONGOING,VCT 26: AMER Stage 2,AMER,Jul 16 - Sep 7,2026-08-04,Sunset,NRG,1,5,16.7%,6,victor,Raze,1.34,271.9,15.3,17.7,3.9,139.7
ONGOING,VCT 26: AMER Stage 2,AMER,Jul 16 - Sep 7,2026-08-04,Sunset,NRG,1,5,16.7%,6,ETHAN,Breach,0.74,159.2,13.3,13.9,5.4,145.0
ONGOING,VCT 26: AMER Stage 2,AMER,Jul 16 - Sep 7,2026-08-04,Sunset,NRG,1,5,16.7%,6,marved,Omen,0.83,190.1,17.7,15.1,8.9,95.8
ONGOING,VCT 26: AMER Stage 2,AMER,Jul 16 - Sep 7,2026-08-04,Sunset,NRG,1,5,16.7%,6,Fiend,Killjoy,1.02,219.0,20.8,15.9,3.4,97.9
ONGOING,VCT 26: AMER Stage 2,AMER,Jul 16 - Sep 7,2026-08-02,Abyss,Cloud9,5,2,71.4%,7,OXY,Neon,1.42,155.6,14.0,11.5,5.8,90.9
ONGOING,VCT 26: AMER Stage 2,AMER,Jul 16 - Sep 7,2026-08-02,Abyss,Cloud9,5,2,71.4%,7,Zellsis,Killjoy,0.86,121.0,13.0,12.5,7.3,195.0
ONGOING,VCT 26: AMER Stage 2,AMER,Jul 16 - Sep 7,2026-08-02,Abyss,Cloud9,5,2,71.4%,7,penny,Viper,1.4,191.7,9.5,17.7,6.5,198.5
ONGOING,VCT 26: AMER Stage 2,AMER,Jul 16 - Sep 7,2026-08-02,Abyss,Cloud9,5,2,71.4%,7,v1c,Omen,0.75,226.7,8.2,9.5,5.3,192.8
ONGOING,VCT 26: AMER Stage 2,AMER,Jul 16 - Sep 7,2026-08-02,Abyss,Cloud9,5,2,71.4%,7,Xeppaa,Sova,0.95,267.8,10.5,14.9,5.3,126.4
ONGOING,VCT 26: AMER Stage 2,AMER,Jul 16 - Sep 7,2026-08-05,Abyss,Sentinels,2,7,22.2%,9,zekken,Jett,0.77,301.9,20.4,15.5,4.2,128.0
ONGOING,VCT 26: AMER Stage 2,AMER,Jul 16 - Sep 7,2026-08-05,Abyss,Sentinels,2,7,22.2%,9,johnqt,Cypher,1.4,185.9,13.9,11.9,3.6,186.3
ONGOING,VCT 26: AMER Stage 2,AMER,Jul 16 - Sep 7,2026-08-05,Abyss,Sentinels,2,7,22.2%,9,SACY,Fade,0.83,249.4,16.6,14.4,2.4,91.6
ONGOING,VCT 26: AMER Stage 2,AMER,Jul 16 - Sep 7,2026-08-05,Abyss,Sentinels,2,7,22.2%,9,TenZ,Omen,1.18,265.6,15.3,10.9,6.4,100.6
ONGOING,VCT 26: AMER Stage 2,AMER,Jul 16 - Sep 7,2026-08-05,Abyss,Sentinels,2,7,22.2%,9,Zellsis,KAY/O,0.73,292.8,14.8,11.8,4.6,151.3
ONGOING,VCT 26: AMER Stage 2,AMER,Jul 16 - Sep 7,2026-08-04,Abyss,LOUD,0,10,0.0%,10,Less,Viper,1.2,176.2,14.7,14.4,8.7,175.4
ONGOING,VCT 26: AMER Stage 2,AMER,Jul 16 - Sep 7,2026-08-04,Abyss,LOUD,0,10,0.0%,10,Saadhak,Breach,0.68,256.9,14.0,17.1,7.2,171.5
ONGOING,VCT 26: AMER Stage 2,AMER,Jul 16 - Sep 7,2026-08-04,Abyss,LOUD,0,10,0.0%,10,cauanzin,Sova,0.92,213.4,8.1,15.9,3.4,157.2
ONGOING,VCT 26: AMER Stage 2,AMER,Jul 16 - Sep 7,2026-08-04,Abyss,LOUD,0,10,0.0%,10,tuyz,Omen,0.97,148.8,16.2,16.6,5.1,118.9
ONGOING,VCT 26: AMER Stage 2,AMER,Jul 16 - Sep 7,2026-08-04,Abyss,LOUD,0,10,0.0%,10,qck,Jett,1.4,144.0,20.8,12.7,5.3,86.3
ONGOING,VCT 26: AMER Stage 2,AMER,Jul 16 - Sep 7,2026-08-08,Abyss,NRG,1,7,12.5%,8,Crashies,Sova,1.4,162.8,13.1,11.5,4.9,152.3
ONGOING,VCT 26: AMER Stage 2,AMER,Jul 16 - Sep 7,2026-08-08,Abyss,NRG,1,7,12.5%,8,victor,Raze,1.31,275.6,11.0,9.2,7.2,183.3
ONGOING,VCT 26: AMER Stage 2,AMER,Jul 16 - Sep 7,2026-08-08,Abyss,NRG,1,7,12.5%,8,ETHAN,Breach,0.81,125.0,17.4,17.5,7.2,115.3
ONGOING,VCT 26: AMER Stage 2,AMER,Jul 16 - Sep 7,2026-08-08,Abyss,NRG,1,7,12.5%,8,marved,Omen,0.79,137.6,16.6,10.2,8.5,115.0
ONGOING,VCT 26: AMER Stage 2,AMER,Jul 16 - Sep 7,2026-08-08,Abyss,NRG,1,7,12.5%,8,Fiend,Killjoy,1.42,187.5,18.0,14.5,7.6,116.1
ONGOING,VCT 26: PAC Stage 2,PAC,Jul 16 - Sep 6,2026-07-31,Ascent,Paper Rex,2,4,33.3%,6,forsaKeN,Yoru,0.79,229.2,15.8,17.1,5.1,181.1
ONGOING,VCT 26: PAC Stage 2,PAC,Jul 16 - Sep 6,2026-07-31,Ascent,Paper Rex,2,4,33.3%,6,something,Jett,1.18,146.5,21.2,14.1,6.7,113.6
ONGOING,VCT 26: PAC Stage 2,PAC,Jul 16 - Sep 6,2026-07-31,Ascent,Paper Rex,2,4,33.3%,6,mindfreak,Omen,1.13,135.8,22.3,17.0,2.8,142.8
ONGOING,VCT 26: PAC Stage 2,PAC,Jul 16 - Sep 6,2026-07-31,Ascent,Paper Rex,2,4,33.3%,6,d4v41,Skye,1.41,276.6,10.0,15.6,9.6,111.3
ONGOING,VCT 26: PAC Stage 2,PAC,Jul 16 - Sep 6,2026-07-31,Ascent,Paper Rex,2,4,33.3%,6,CGRS,Gekko,0.71,258.6,17.1,11.6,2.5,130.6
ONGOING,VCT 26: PAC Stage 2,PAC,Jul 16 - Sep 6,2026-08-02,Ascent,DRX,9,9,50.0%,18,stax,KAY/O,1.09,267.6,20.7,12.8,2.5,148.6
ONGOING,VCT 26: PAC Stage 2,PAC,Jul 16 - Sep 6,2026-08-02,Ascent,DRX,9,9,50.0%,18,Buzz,Jett,0.76,234.0,10.2,11.5,3.5,151.4
ONGOING,VCT 26: PAC Stage 2,PAC,Jul 16 - Sep 6,2026-08-02,Ascent,DRX,9,9,50.0%,18,MaKo,Omen,1.3,145.0,9.0,16.5,4.9,142.9
ONGOING,VCT 26: PAC Stage 2,PAC,Jul 16 - Sep 6,2026-08-02,Ascent,DRX,9,9,50.0%,18,Foxy9,Duelist,1.21,206.3,9.2,10.4,5.2,125.4
ONGOING,VCT 26: PAC Stage 2,PAC,Jul 16 - Sep 6,2026-08-02,Ascent,DRX,9,9,50.0%,18,Flashback,Viper,1.05,290.0,17.4,15.8,2.6,168.1
ONGOING,VCT 26: PAC Stage 2,PAC,Jul 16 - Sep 6,2026-08-06,Bind,Paper Rex,7,9,43.8%,16,forsaKeN,Yoru,0.66,193.4,23.8,13.6,2.3,157.0
ONGOING,VCT 26: PAC Stage 2,PAC,Jul 16 - Sep 6,2026-08-06,Bind,Paper Rex,7,9,43.8%,16,something,Jett,1.43,245.0,15.3,17.9,6.4,109.7
ONGOING,VCT 26: PAC Stage 2,PAC,Jul 16 - Sep 6,2026-08-06,Bind,Paper Rex,7,9,43.8%,16,mindfreak,Omen,1.17,144.3,13.5,11.0,8.9,146.4
ONGOING,VCT 26: PAC Stage 2,PAC,Jul 16 - Sep 6,2026-08-06,Bind,Paper Rex,7,9,43.8%,16,d4v41,Skye,0.7,196.2,19.5,9.4,5.9,191.3
ONGOING,VCT 26: PAC Stage 2,PAC,Jul 16 - Sep 6,2026-08-06,Bind,Paper Rex,7,9,43.8%,16,CGRS,Gekko,0.77,203.9,9.5,16.8,7.5,181.3
ONGOING,VCT 26: PAC Stage 2,PAC,Jul 16 - Sep 6,2026-08-01,Bind,DRX,0,2,0.0%,2,stax,KAY/O,0.69,156.4,11.6,13.3,3.0,113.5
ONGOING,VCT 26: PAC Stage 2,PAC,Jul 16 - Sep 6,2026-08-01,Bind,DRX,0,2,0.0%,2,Buzz,Jett,1.18,176.1,11.5,15.0,6.5,200.9
ONGOING,VCT 26: PAC Stage 2,PAC,Jul 16 - Sep 6,2026-08-01,Bind,DRX,0,2,0.0%,2,MaKo,Omen,1.39,226.9,16.3,14.0,7.9,157.9
ONGOING,VCT 26: PAC Stage 2,PAC,Jul 16 - Sep 6,2026-08-01,Bind,DRX,0,2,0.0%,2,Foxy9,Duelist,1.1,200.1,19.1,9.1,5.7,122.9
ONGOING,VCT 26: PAC Stage 2,PAC,Jul 16 - Sep 6,2026-08-01,Bind,DRX,0,2,0.0%,2,Flashback,Viper,1.31,225.6,12.7,17.7,8.5,164.1
ONGOING,VCT 26: PAC Stage 2,PAC,Jul 16 - Sep 6,2026-07-26,Breeze,Paper Rex,10,2,83.3%,12,forsaKeN,Yoru,1.16,230.0,19.6,17.9,6.0,99.5
ONGOING,VCT 26: PAC Stage 2,PAC,Jul 16 - Sep 6,2026-07-26,Breeze,Paper Rex,10,2,83.3%,12,something,Jett,0.85,233.5,14.8,9.3,8.7,131.6
ONGOING,VCT 26: PAC Stage 2,PAC,Jul 16 - Sep 6,2026-07-26,Breeze,Paper Rex,10,2,83.3%,12,mindfreak,Omen,0.98,288.8,9.0,9.9,3.6,180.4
ONGOING,VCT 26: PAC Stage 2,PAC,Jul 16 - Sep 6,2026-07-26,Breeze,Paper Rex,10,2,83.3%,12,d4v41,Skye,0.66,183.3,14.3,15.6,4.0,154.3
ONGOING,VCT 26: PAC Stage 2,PAC,Jul 16 - Sep 6,2026-07-26,Breeze,Paper Rex,10,2,83.3%,12,CGRS,Gekko,0.97,258.6,18.1,11.1,9.7,139.1
ONGOING,VCT 26: PAC Stage 2,PAC,Jul 16 - Sep 6,2026-08-01,Breeze,DRX,10,3,76.9%,13,stax,KAY/O,1.19,188.8,11.1,15.2,9.5,195.5
ONGOING,VCT 26: PAC Stage 2,PAC,Jul 16 - Sep 6,2026-08-01,Breeze,DRX,10,3,76.9%,13,Buzz,Jett,1.21,297.9,12.0,12.8,4.4,125.1
ONGOING,VCT 26: PAC Stage 2,PAC,Jul 16 - Sep 6,2026-08-01,Breeze,DRX,10,3,76.9%,13,MaKo,Omen,1.24,197.0,9.3,17.8,3.9,179.3
ONGOING,VCT 26: PAC Stage 2,PAC,Jul 16 - Sep 6,2026-08-01,Breeze,DRX,10,3,76.9%,13,Foxy9,Duelist,0.78,145.7,21.2,15.7,3.9,98.1
ONGOING,VCT 26: PAC Stage 2,PAC,Jul 16 - Sep 6,2026-08-01,Breeze,DRX,10,3,76.9%,13,Flashback,Viper,1.38,154.1,15.5,10.5,8.6,143.2
ONGOING,VCT 26: PAC Stage 2,PAC,Jul 16 - Sep 6,2026-08-01,Corrode,Paper Rex,9,8,52.9%,17,forsaKeN,Yoru,1.33,147.8,20.5,12.0,7.1,151.8
ONGOING,VCT 26: PAC Stage 2,PAC,Jul 16 - Sep 6,2026-08-01,Corrode,Paper Rex,9,8,52.9%,17,something,Jett,0.83,290.2,15.7,10.7,5.8,163.8
ONGOING,VCT 26: PAC Stage 2,PAC,Jul 16 - Sep 6,2026-08-01,Corrode,Paper Rex,9,8,52.9%,17,mindfreak,Omen,1.26,198.7,19.6,13.5,5.6,198.1
ONGOING,VCT 26: PAC Stage 2,PAC,Jul 16 - Sep 6,2026-08-01,Corrode,Paper Rex,9,8,52.9%,17,d4v41,Skye,1.24,243.4,19.5,10.1,5.7,169.5
ONGOING,VCT 26: PAC Stage 2,PAC,Jul 16 - Sep 6,2026-08-01,Corrode,Paper Rex,9,8,52.9%,17,CGRS,Gekko,1.29,150.7,8.1,9.7,8.9,134.7
ONGOING,VCT 26: PAC Stage 2,PAC,Jul 16 - Sep 6,2026-07-28,Corrode,DRX,10,9,52.6%,19,stax,KAY/O,1.37,178.4,20.1,15.1,9.9,113.5
ONGOING,VCT 26: PAC Stage 2,PAC,Jul 16 - Sep 6,2026-07-28,Corrode,DRX,10,9,52.6%,19,Buzz,Jett,1.38,307.3,19.1,11.5,4.2,138.5
ONGOING,VCT 26: PAC Stage 2,PAC,Jul 16 - Sep 6,2026-07-28,Corrode,DRX,10,9,52.6%,19,MaKo,Omen,0.77,186.3,18.0,12.0,3.7,103.5
ONGOING,VCT 26: PAC Stage 2,PAC,Jul 16 - Sep 6,2026-07-28,Corrode,DRX,10,9,52.6%,19,Foxy9,Duelist,0.75,296.3,19.0,14.9,5.7,189.3
ONGOING,VCT 26: PAC Stage 2,PAC,Jul 16 - Sep 6,2026-07-28,Corrode,DRX,10,9,52.6%,19,Flashback,Viper,1.08,212.1,12.9,15.3,8.8,101.6
ONGOING,VCT 26: PAC Stage 2,PAC,Jul 16 - Sep 6,2026-07-24,Fracture,Paper Rex,3,10,23.1%,13,forsaKeN,Yoru,1.1,294.3,21.2,11.3,8.3,101.5
ONGOING,VCT 26: PAC Stage 2,PAC,Jul 16 - Sep 6,2026-07-24,Fracture,Paper Rex,3,10,23.1%,13,something,Jett,0.81,136.8,9.5,9.5,3.0,188.6
ONGOING,VCT 26: PAC Stage 2,PAC,Jul 16 - Sep 6,2026-07-24,Fracture,Paper Rex,3,10,23.1%,13,mindfreak,Omen,1.02,276.5,12.7,15.5,6.6,118.4
ONGOING,VCT 26: PAC Stage 2,PAC,Jul 16 - Sep 6,2026-07-24,Fracture,Paper Rex,3,10,23.1%,13,d4v41,Skye,1.1,133.0,21.0,10.4,9.3,153.1
ONGOING,VCT 26: PAC Stage 2,PAC,Jul 16 - Sep 6,2026-07-24,Fracture,Paper Rex,3,10,23.1%,13,CGRS,Gekko,1.04,234.5,23.5,12.3,7.8,154.8
ONGOING,VCT 26: PAC Stage 2,PAC,Jul 16 - Sep 6,2026-07-26,Fracture,DRX,9,10,47.4%,19,stax,KAY/O,0.77,265.4,15.1,14.2,6.9,181.8
ONGOING,VCT 26: PAC Stage 2,PAC,Jul 16 - Sep 6,2026-07-26,Fracture,DRX,9,10,47.4%,19,Buzz,Jett,0.71,266.5,21.0,12.8,6.3,99.3
ONGOING,VCT 26: PAC Stage 2,PAC,Jul 16 - Sep 6,2026-07-26,Fracture,DRX,9,10,47.4%,19,MaKo,Omen,0.74,199.2,10.4,9.8,5.6,202.8
ONGOING,VCT 26: PAC Stage 2,PAC,Jul 16 - Sep 6,2026-07-26,Fracture,DRX,9,10,47.4%,19,Foxy9,Duelist,0.78,182.5,9.0,12.9,4.4,196.4
ONGOING,VCT 26: PAC Stage 2,PAC,Jul 16 - Sep 6,2026-07-26,Fracture,DRX,9,10,47.4%,19,Flashback,Viper,0.76,222.5,12.0,16.3,6.1,100.1
ONGOING,VCT 26: PAC Stage 2,PAC,Jul 16 - Sep 6,2026-08-01,Haven,Paper Rex,7,10,41.2%,17,forsaKeN,Yoru,0.66,181.0,8.7,13.2,2.6,120.4
ONGOING,VCT 26: PAC Stage 2,PAC,Jul 16 - Sep 6,2026-08-01,Haven,Paper Rex,7,10,41.2%,17,something,Jett,1.03,168.2,21.0,16.8,8.9,186.1
ONGOING,VCT 26: PAC Stage 2,PAC,Jul 16 - Sep 6,2026-08-01,Haven,Paper Rex,7,10,41.2%,17,mindfreak,Omen,1.27,222.1,23.2,11.4,3.5,199.1
ONGOING,VCT 26: PAC Stage 2,PAC,Jul 16 - Sep 6,2026-08-01,Haven,Paper Rex,7,10,41.2%,17,d4v41,Skye,0.78,297.5,12.7,16.9,5.8,145.3
ONGOING,VCT 26: PAC Stage 2,PAC,Jul 16 - Sep 6,2026-08-01,Haven,Paper Rex,7,10,41.2%,17,CGRS,Gekko,0.96,215.1,20.9,17.0,2.2,93.6
ONGOING,VCT 26: PAC Stage 2,PAC,Jul 16 - Sep 6,2026-07-31,Haven,DRX,0,5,0.0%,5,stax,KAY/O,1.41,299.9,13.0,13.2,8.2,191.4
ONGOING,VCT 26: PAC Stage 2,PAC,Jul 16 - Sep 6,2026-07-31,Haven,DRX,0,5,0.0%,5,Buzz,Jett,1.1,154.8,9.5,9.3,9.3,148.4
ONGOING,VCT 26: PAC Stage 2,PAC,Jul 16 - Sep 6,2026-07-31,Haven,DRX,0,5,0.0%,5,MaKo,Omen,1.23,284.3,19.8,10.2,2.8,108.8
ONGOING,VCT 26: PAC Stage 2,PAC,Jul 16 - Sep 6,2026-07-31,Haven,DRX,0,5,0.0%,5,Foxy9,Duelist,1.13,256.9,9.7,15.7,6.1,103.7
ONGOING,VCT 26: PAC Stage 2,PAC,Jul 16 - Sep 6,2026-07-31,Haven,DRX,0,5,0.0%,5,Flashback,Viper,1.21,132.1,14.9,16.3,2.2,88.0
ONGOING,VCT 26: PAC Stage 2,PAC,Jul 16 - Sep 6,2026-08-02,Icebox,Paper Rex,3,9,25.0%,12,forsaKeN,Yoru,1.26,148.2,19.6,13.7,8.1,126.9
ONGOING,VCT 26: PAC Stage 2,PAC,Jul 16 - Sep 6,2026-08-02,Icebox,Paper Rex,3,9,25.0%,12,something,Jett,1.13,169.3,17.2,10.1,9.8,166.3
ONGOING,VCT 26: PAC Stage 2,PAC,Jul 16 - Sep 6,2026-08-02,Icebox,Paper Rex,3,9,25.0%,12,mindfreak,Omen,1.39,198.5,16.6,15.6,3.9,142.5
ONGOING,VCT 26: PAC Stage 2,PAC,Jul 16 - Sep 6,2026-08-02,Icebox,Paper Rex,3,9,25.0%,12,d4v41,Skye,1.31,194.3,8.9,16.4,9.3,130.6
ONGOING,VCT 26: PAC Stage 2,PAC,Jul 16 - Sep 6,2026-08-02,Icebox,Paper Rex,3,9,25.0%,12,CGRS,Gekko,0.89,213.9,11.5,9.3,3.7,186.9
ONGOING,VCT 26: PAC Stage 2,PAC,Jul 16 - Sep 6,2026-07-28,Icebox,DRX,9,4,69.2%,13,stax,KAY/O,0.85,135.5,15.4,10.7,5.4,157.4
ONGOING,VCT 26: PAC Stage 2,PAC,Jul 16 - Sep 6,2026-07-28,Icebox,DRX,9,4,69.2%,13,Buzz,Jett,0.84,285.9,15.1,17.0,2.6,99.6
ONGOING,VCT 26: PAC Stage 2,PAC,Jul 16 - Sep 6,2026-07-28,Icebox,DRX,9,4,69.2%,13,MaKo,Omen,0.98,270.5,9.4,12.7,7.4,159.7
ONGOING,VCT 26: PAC Stage 2,PAC,Jul 16 - Sep 6,2026-07-28,Icebox,DRX,9,4,69.2%,13,Foxy9,Duelist,1.31,255.4,17.1,10.9,8.1,158.8
ONGOING,VCT 26: PAC Stage 2,PAC,Jul 16 - Sep 6,2026-07-28,Icebox,DRX,9,4,69.2%,13,Flashback,Viper,1.02,152.5,20.3,15.4,6.2,181.4
ONGOING,VCT 26: PAC Stage 2,PAC,Jul 16 - Sep 6,2026-07-29,Lotus,Paper Rex,6,7,46.2%,13,forsaKeN,Yoru,0.73,156.6,13.8,14.0,3.2,182.8
ONGOING,VCT 26: PAC Stage 2,PAC,Jul 16 - Sep 6,2026-07-29,Lotus,Paper Rex,6,7,46.2%,13,something,Jett,0.66,224.3,23.3,11.9,9.8,159.8
ONGOING,VCT 26: PAC Stage 2,PAC,Jul 16 - Sep 6,2026-07-29,Lotus,Paper Rex,6,7,46.2%,13,mindfreak,Omen,1.0,175.9,20.1,10.6,2.6,185.9
ONGOING,VCT 26: PAC Stage 2,PAC,Jul 16 - Sep 6,2026-07-29,Lotus,Paper Rex,6,7,46.2%,13,d4v41,Skye,1.24,160.5,19.3,11.4,5.0,116.5
ONGOING,VCT 26: PAC Stage 2,PAC,Jul 16 - Sep 6,2026-07-29,Lotus,Paper Rex,6,7,46.2%,13,CGRS,Gekko,1.11,207.2,23.3,13.8,3.1,152.7
ONGOING,VCT 26: PAC Stage 2,PAC,Jul 16 - Sep 6,2026-08-08,Lotus,DRX,3,7,30.0%,10,stax,KAY/O,1.13,250.2,16.4,13.6,3.6,108.2
ONGOING,VCT 26: PAC Stage 2,PAC,Jul 16 - Sep 6,2026-08-08,Lotus,DRX,3,7,30.0%,10,Buzz,Jett,1.36,301.6,11.2,9.1,5.7,142.4
ONGOING,VCT 26: PAC Stage 2,PAC,Jul 16 - Sep 6,2026-08-08,Lotus,DRX,3,7,30.0%,10,MaKo,Omen,1.39,212.2,12.2,17.3,7.6,200.0
ONGOING,VCT 26: PAC Stage 2,PAC,Jul 16 - Sep 6,2026-08-08,Lotus,DRX,3,7,30.0%,10,Foxy9,Duelist,0.97,122.9,9.4,12.2,8.7,102.3
ONGOING,VCT 26: PAC Stage 2,PAC,Jul 16 - Sep 6,2026-08-08,Lotus,DRX,3,7,30.0%,10,Flashback,Viper,1.16,142.3,8.2,17.0,5.3,166.3
ONGOING,VCT 26: PAC Stage 2,PAC,Jul 16 - Sep 6,2026-07-29,Pearl,Paper Rex,2,0,100.0%,2,forsaKeN,Yoru,1.33,187.1,11.4,9.7,5.8,86.3
ONGOING,VCT 26: PAC Stage 2,PAC,Jul 16 - Sep 6,2026-07-29,Pearl,Paper Rex,2,0,100.0%,2,something,Jett,1.02,173.5,13.9,9.7,2.2,199.1
ONGOING,VCT 26: PAC Stage 2,PAC,Jul 16 - Sep 6,2026-07-29,Pearl,Paper Rex,2,0,100.0%,2,mindfreak,Omen,0.73,289.6,9.8,15.8,9.0,151.3
ONGOING,VCT 26: PAC Stage 2,PAC,Jul 16 - Sep 6,2026-07-29,Pearl,Paper Rex,2,0,100.0%,2,d4v41,Skye,0.91,195.3,11.4,16.9,6.6,116.9
ONGOING,VCT 26: PAC Stage 2,PAC,Jul 16 - Sep 6,2026-07-29,Pearl,Paper Rex,2,0,100.0%,2,CGRS,Gekko,0.74,230.9,18.0,11.8,6.2,152.8
ONGOING,VCT 26: PAC Stage 2,PAC,Jul 16 - Sep 6,2026-08-06,Pearl,DRX,8,10,44.4%,18,stax,KAY/O,0.67,140.2,19.3,14.9,2.9,200.7
ONGOING,VCT 26: PAC Stage 2,PAC,Jul 16 - Sep 6,2026-08-06,Pearl,DRX,8,10,44.4%,18,Buzz,Jett,0.93,220.9,13.3,14.5,7.1,111.0
ONGOING,VCT 26: PAC Stage 2,PAC,Jul 16 - Sep 6,2026-08-06,Pearl,DRX,8,10,44.4%,18,MaKo,Omen,1.07,200.8,20.9,12.7,8.6,125.6
ONGOING,VCT 26: PAC Stage 2,PAC,Jul 16 - Sep 6,2026-08-06,Pearl,DRX,8,10,44.4%,18,Foxy9,Duelist,1.29,287.6,14.0,15.1,5.2,184.7
ONGOING,VCT 26: PAC Stage 2,PAC,Jul 16 - Sep 6,2026-08-06,Pearl,DRX,8,10,44.4%,18,Flashback,Viper,0.92,201.7,18.7,16.5,4.9,85.8
ONGOING,VCT 26: PAC Stage 2,PAC,Jul 16 - Sep 6,2026-07-27,Split,Paper Rex,3,4,42.9%,7,forsaKeN,Yoru,0.9,264.3,14.2,10.1,9.7,203.5
ONGOING,VCT 26: PAC Stage 2,PAC,Jul 16 - Sep 6,2026-07-27,Split,Paper Rex,3,4,42.9%,7,something,Jett,1.23,157.0,12.1,14.7,8.1,175.1
ONGOING,VCT 26: PAC Stage 2,PAC,Jul 16 - Sep 6,2026-07-27,Split,Paper Rex,3,4,42.9%,7,mindfreak,Omen,1.45,263.9,20.3,15.8,4.7,172.0
ONGOING,VCT 26: PAC Stage 2,PAC,Jul 16 - Sep 6,2026-07-27,Split,Paper Rex,3,4,42.9%,7,d4v41,Skye,0.82,303.4,10.8,11.4,9.6,121.0
ONGOING,VCT 26: PAC Stage 2,PAC,Jul 16 - Sep 6,2026-07-27,Split,Paper Rex,3,4,42.9%,7,CGRS,Gekko,1.25,262.8,13.2,15.2,7.2,90.9
ONGOING,VCT 26: PAC Stage 2,PAC,Jul 16 - Sep 6,2026-08-04,Split,DRX,0,5,0.0%,5,stax,KAY/O,1.06,233.8,18.6,12.7,5.0,162.8
ONGOING,VCT 26: PAC Stage 2,PAC,Jul 16 - Sep 6,2026-08-04,Split,DRX,0,5,0.0%,5,Buzz,Jett,1.24,239.1,15.4,11.7,9.8,155.2
ONGOING,VCT 26: PAC Stage 2,PAC,Jul 16 - Sep 6,2026-08-04,Split,DRX,0,5,0.0%,5,MaKo,Omen,1.14,257.9,17.6,13.0,9.0,174.4
ONGOING,VCT 26: PAC Stage 2,PAC,Jul 16 - Sep 6,2026-08-04,Split,DRX,0,5,0.0%,5,Foxy9,Duelist,1.2,129.5,19.5,10.7,2.1,137.4
ONGOING,VCT 26: PAC Stage 2,PAC,Jul 16 - Sep 6,2026-08-04,Split,DRX,0,5,0.0%,5,Flashback,Viper,0.83,247.3,14.9,15.4,9.8,146.3
ONGOING,VCT 26: PAC Stage 2,PAC,Jul 16 - Sep 6,2026-07-31,Summit,Paper Rex,6,5,54.5%,11,forsaKeN,Yoru,0.97,198.3,16.5,14.3,6.3,112.7
ONGOING,VCT 26: PAC Stage 2,PAC,Jul 16 - Sep 6,2026-07-31,Summit,Paper Rex,6,5,54.5%,11,something,Jett,1.27,207.3,15.6,14.1,2.5,155.4
ONGOING,VCT 26: PAC Stage 2,PAC,Jul 16 - Sep 6,2026-07-31,Summit,Paper Rex,6,5,54.5%,11,mindfreak,Omen,0.76,248.5,23.7,12.9,6.9,201.2
ONGOING,VCT 26: PAC Stage 2,PAC,Jul 16 - Sep 6,2026-07-31,Summit,Paper Rex,6,5,54.5%,11,d4v41,Skye,1.42,228.5,10.2,12.8,5.0,121.8
ONGOING,VCT 26: PAC Stage 2,PAC,Jul 16 - Sep 6,2026-07-31,Summit,Paper Rex,6,5,54.5%,11,CGRS,Gekko,1.07,272.8,23.3,14.5,3.8,186.7
ONGOING,VCT 26: PAC Stage 2,PAC,Jul 16 - Sep 6,2026-07-27,Summit,DRX,9,8,52.9%,17,stax,KAY/O,1.28,233.0,23.9,15.5,9.6,105.2
ONGOING,VCT 26: PAC Stage 2,PAC,Jul 16 - Sep 6,2026-07-27,Summit,DRX,9,8,52.9%,17,Buzz,Jett,1.28,240.1,15.2,12.3,7.4,111.9
ONGOING,VCT 26: PAC Stage 2,PAC,Jul 16 - Sep 6,2026-07-27,Summit,DRX,9,8,52.9%,17,MaKo,Omen,1.28,204.4,10.3,13.7,8.5,180.1
ONGOING,VCT 26: PAC Stage 2,PAC,Jul 16 - Sep 6,2026-07-27,Summit,DRX,9,8,52.9%,17,Foxy9,Duelist,1.39,244.6,15.0,14.1,3.4,141.2
ONGOING,VCT 26: PAC Stage 2,PAC,Jul 16 - Sep 6,2026-07-27,Summit,DRX,9,8,52.9%,17,Flashback,Viper,1.18,152.1,15.6,9.5,5.6,204.9
ONGOING,VCT 26: PAC Stage 2,PAC,Jul 16 - Sep 6,2026-07-29,Sunset,Paper Rex,7,9,43.8%,16,forsaKeN,Yoru,0.83,175.4,12.7,16.6,3.4,129.9
ONGOING,VCT 26: PAC Stage 2,PAC,Jul 16 - Sep 6,2026-07-29,Sunset,Paper Rex,7,9,43.8%,16,something,Jett,0.94,286.5,21.3,17.8,2.8,172.6
ONGOING,VCT 26: PAC Stage 2,PAC,Jul 16 - Sep 6,2026-07-29,Sunset,Paper Rex,7,9,43.8%,16,mindfreak,Omen,1.4,233.0,17.0,16.8,5.3,170.8
ONGOING,VCT 26: PAC Stage 2,PAC,Jul 16 - Sep 6,2026-07-29,Sunset,Paper Rex,7,9,43.8%,16,d4v41,Skye,1.39,235.2,19.3,15.5,4.0,142.7
ONGOING,VCT 26: PAC Stage 2,PAC,Jul 16 - Sep 6,2026-07-29,Sunset,Paper Rex,7,9,43.8%,16,CGRS,Gekko,0.9,157.1,15.3,10.3,3.1,92.8
ONGOING,VCT 26: PAC Stage 2,PAC,Jul 16 - Sep 6,2026-07-26,Sunset,DRX,0,1,0.0%,1,stax,KAY/O,1.01,131.2,11.5,16.7,3.1,173.0
ONGOING,VCT 26: PAC Stage 2,PAC,Jul 16 - Sep 6,2026-07-26,Sunset,DRX,0,1,0.0%,1,Buzz,Jett,1.31,142.1,19.7,9.4,2.4,113.6
ONGOING,VCT 26: PAC Stage 2,PAC,Jul 16 - Sep 6,2026-07-26,Sunset,DRX,0,1,0.0%,1,MaKo,Omen,1.27,150.7,16.9,9.7,5.9,91.4
ONGOING,VCT 26: PAC Stage 2,PAC,Jul 16 - Sep 6,2026-07-26,Sunset,DRX,0,1,0.0%,1,Foxy9,Duelist,0.83,218.2,9.1,13.6,4.5,153.3
ONGOING,VCT 26: PAC Stage 2,PAC,Jul 16 - Sep 6,2026-07-26,Sunset,DRX,0,1,0.0%,1,Flashback,Viper,1.39,274.0,10.4,14.0,9.4,175.0
ONGOING,VCT 26: PAC Stage 2,PAC,Jul 16 - Sep 6,2026-08-01,Abyss,Paper Rex,8,1,88.9%,9,forsaKeN,Yoru,1.44,225.1,12.2,11.7,7.7,133.5
ONGOING,VCT 26: PAC Stage 2,PAC,Jul 16 - Sep 6,2026-08-01,Abyss,Paper Rex,8,1,88.9%,9,something,Jett,0.98,203.4,8.5,17.2,2.8,147.9
ONGOING,VCT 26: PAC Stage 2,PAC,Jul 16 - Sep 6,2026-08-01,Abyss,Paper Rex,8,1,88.9%,9,mindfreak,Omen,1.17,204.0,18.4,14.4,3.1,139.1
ONGOING,VCT 26: PAC Stage 2,PAC,Jul 16 - Sep 6,2026-08-01,Abyss,Paper Rex,8,1,88.9%,9,d4v41,Skye,1.01,223.0,18.7,14.3,9.9,139.3
ONGOING,VCT 26: PAC Stage 2,PAC,Jul 16 - Sep 6,2026-08-01,Abyss,Paper Rex,8,1,88.9%,9,CGRS,Gekko,0.76,254.9,12.6,15.9,5.9,197.1
ONGOING,VCT 26: PAC Stage 2,PAC,Jul 16 - Sep 6,2026-08-03,Abyss,DRX,9,0,100.0%,9,stax,KAY/O,1.27,237.5,13.4,14.5,5.4,151.0
ONGOING,VCT 26: PAC Stage 2,PAC,Jul 16 - Sep 6,2026-08-03,Abyss,DRX,9,0,100.0%,9,Buzz,Jett,0.85,123.3,8.5,11.1,4.3,153.4
ONGOING,VCT 26: PAC Stage 2,PAC,Jul 16 - Sep 6,2026-08-03,Abyss,DRX,9,0,100.0%,9,MaKo,Omen,1.17,294.0,15.2,12.4,8.3,92.3
ONGOING,VCT 26: PAC Stage 2,PAC,Jul 16 - Sep 6,2026-08-03,Abyss,DRX,9,0,100.0%,9,Foxy9,Duelist,0.93,258.5,9.0,16.5,4.9,127.3
ONGOING,VCT 26: PAC Stage 2,PAC,Jul 16 - Sep 6,2026-08-03,Abyss,DRX,9,0,100.0%,9,Flashback,Viper,0.91,305.0,17.1,15.1,6.4,167.6
ONGOING,VCT 26: EMEA Stage 2,EMEA,Jul 15 - Aug 30,2026-08-07,Ascent,Fnatic,0,4,0.0%,4,Derke,Yoru,0.72,287.4,9.4,9.7,4.2,124.9
ONGOING,VCT 26: EMEA Stage 2,EMEA,Jul 15 - Aug 30,2026-08-07,Ascent,Fnatic,0,4,0.0%,4,Boaster,Astra,0.74,309.0,8.4,12.7,2.2,87.0
ONGOING,VCT 26: EMEA Stage 2,EMEA,Jul 15 - Aug 30,2026-08-07,Ascent,Fnatic,0,4,0.0%,4,Chronicle,Sova,0.69,197.0,22.8,11.0,3.7,177.4
ONGOING,VCT 26: EMEA Stage 2,EMEA,Jul 15 - Aug 30,2026-08-07,Ascent,Fnatic,0,4,0.0%,4,Alfaer,Killjoy,1.04,144.9,20.3,15.0,8.8,143.1
ONGOING,VCT 26: EMEA Stage 2,EMEA,Jul 15 - Aug 30,2026-08-07,Ascent,Fnatic,0,4,0.0%,4,Hiro,Fade,0.66,259.2,18.2,11.0,5.1,167.6
ONGOING,VCT 26: EMEA Stage 2,EMEA,Jul 15 - Aug 30,2026-07-29,Ascent,Natus Vincere,2,5,28.6%,7,Shao,Fade,0.84,141.0,15.7,10.2,4.6,136.5
ONGOING,VCT 26: EMEA Stage 2,EMEA,Jul 15 - Aug 30,2026-07-29,Ascent,Natus Vincere,2,5,28.6%,7,Zyppan,Raze,0.9,213.3,10.2,15.9,3.5,135.3
ONGOING,VCT 26: EMEA Stage 2,EMEA,Jul 15 - Aug 30,2026-07-29,Ascent,Natus Vincere,2,5,28.6%,7,SUYGETSU,Cypher,1.06,206.0,20.1,12.3,7.8,134.5
ONGOING,VCT 26: EMEA Stage 2,EMEA,Jul 15 - Aug 30,2026-07-29,Ascent,Natus Vincere,2,5,28.6%,7,ANGE1,Omen,1.39,168.6,20.8,11.9,2.8,123.2
ONGOING,VCT 26: EMEA Stage 2,EMEA,Jul 15 - Aug 30,2026-07-29,Ascent,Natus Vincere,2,5,28.6%,7,ardis,Jett,1.0,242.8,18.1,12.8,5.0,167.1
ONGOING,VCT 26: EMEA Stage 2,EMEA,Jul 15 - Aug 30,2026-07-28,Bind,Fnatic,7,8,46.7%,15,Derke,Yoru,1.1,278.1,21.3,17.9,2.7,135.1
ONGOING,VCT 26: EMEA Stage 2,EMEA,Jul 15 - Aug 30,2026-07-28,Bind,Fnatic,7,8,46.7%,15,Boaster,Astra,0.83,298.7,16.6,13.5,5.1,135.0
ONGOING,VCT 26: EMEA Stage 2,EMEA,Jul 15 - Aug 30,2026-07-28,Bind,Fnatic,7,8,46.7%,15,Chronicle,Sova,1.39,209.9,20.3,13.6,6.6,192.6
ONGOING,VCT 26: EMEA Stage 2,EMEA,Jul 15 - Aug 30,2026-07-28,Bind,Fnatic,7,8,46.7%,15,Alfaer,Killjoy,1.02,213.2,23.3,10.7,6.6,99.5
ONGOING,VCT 26: EMEA Stage 2,EMEA,Jul 15 - Aug 30,2026-07-28,Bind,Fnatic,7,8,46.7%,15,Hiro,Fade,0.8,282.5,9.4,17.1,4.5,91.1
ONGOING,VCT 26: EMEA Stage 2,EMEA,Jul 15 - Aug 30,2026-08-03,Bind,Natus Vincere,9,10,47.4%,19,Shao,Fade,0.77,138.2,14.1,12.6,9.4,87.0
ONGOING,VCT 26: EMEA Stage 2,EMEA,Jul 15 - Aug 30,2026-08-03,Bind,Natus Vincere,9,10,47.4%,19,Zyppan,Raze,0.9,226.1,18.3,16.4,5.7,190.8
ONGOING,VCT 26: EMEA Stage 2,EMEA,Jul 15 - Aug 30,2026-08-03,Bind,Natus Vincere,9,10,47.4%,19,SUYGETSU,Cypher,1.09,127.2,16.5,11.3,3.3,104.4
ONGOING,VCT 26: EMEA Stage 2,EMEA,Jul 15 - Aug 30,2026-08-03,Bind,Natus Vincere,9,10,47.4%,19,ANGE1,Omen,1.21,123.2,8.3,11.8,7.6,140.9
ONGOING,VCT 26: EMEA Stage 2,EMEA,Jul 15 - Aug 30,2026-08-03,Bind,Natus Vincere,9,10,47.4%,19,ardis,Jett,0.92,286.2,16.8,15.8,2.4,158.0
ONGOING,VCT 26: EMEA Stage 2,EMEA,Jul 15 - Aug 30,2026-07-30,Breeze,Fnatic,3,0,100.0%,3,Derke,Yoru,1.1,197.9,16.6,10.4,8.9,102.5
ONGOING,VCT 26: EMEA Stage 2,EMEA,Jul 15 - Aug 30,2026-07-30,Breeze,Fnatic,3,0,100.0%,3,Boaster,Astra,1.45,148.6,23.7,10.1,8.6,147.8
ONGOING,VCT 26: EMEA Stage 2,EMEA,Jul 15 - Aug 30,2026-07-30,Breeze,Fnatic,3,0,100.0%,3,Chronicle,Sova,1.23,162.8,11.6,14.4,5.7,86.5
ONGOING,VCT 26: EMEA Stage 2,EMEA,Jul 15 - Aug 30,2026-07-30,Breeze,Fnatic,3,0,100.0%,3,Alfaer,Killjoy,1.1,170.2,9.7,10.1,6.5,111.4
ONGOING,VCT 26: EMEA Stage 2,EMEA,Jul 15 - Aug 30,2026-07-30,Breeze,Fnatic,3,0,100.0%,3,Hiro,Fade,1.09,140.3,22.9,17.0,9.1,118.5
ONGOING,VCT 26: EMEA Stage 2,EMEA,Jul 15 - Aug 30,2026-07-30,Breeze,Natus Vincere,5,8,38.5%,13,Shao,Fade,1.36,195.9,15.2,13.4,3.4,174.1
ONGOING,VCT 26: EMEA Stage 2,EMEA,Jul 15 - Aug 30,2026-07-30,Breeze,Natus Vincere,5,8,38.5%,13,Zyppan,Raze,0.87,259.4,8.5,14.2,8.1,129.8
ONGOING,VCT 26: EMEA Stage 2,EMEA,Jul 15 - Aug 30,2026-07-30,Breeze,Natus Vincere,5,8,38.5%,13,SUYGETSU,Cypher,1.08,294.7,19.9,17.7,9.0,94.8
ONGOING,VCT 26: EMEA Stage 2,EMEA,Jul 15 - Aug 30,2026-07-30,Breeze,Natus Vincere,5,8,38.5%,13,ANGE1,Omen,0.96,252.7,10.1,17.3,4.8,138.2
ONGOING,VCT 26: EMEA Stage 2,EMEA,Jul 15 - Aug 30,2026-07-30,Breeze,Natus Vincere,5,8,38.5%,13,ardis,Jett,0.76,135.1,9.8,11.8,4.0,91.8
ONGOING,VCT 26: EMEA Stage 2,EMEA,Jul 15 - Aug 30,2026-07-27,Corrode,Fnatic,3,6,33.3%,9,Derke,Yoru,1.45,274.5,17.0,16.0,8.3,111.4
ONGOING,VCT 26: EMEA Stage 2,EMEA,Jul 15 - Aug 30,2026-07-27,Corrode,Fnatic,3,6,33.3%,9,Boaster,Astra,1.45,231.0,19.1,16.6,9.8,168.9
ONGOING,VCT 26: EMEA Stage 2,EMEA,Jul 15 - Aug 30,2026-07-27,Corrode,Fnatic,3,6,33.3%,9,Chronicle,Sova,0.95,240.5,23.9,12.1,8.2,89.0
ONGOING,VCT 26: EMEA Stage 2,EMEA,Jul 15 - Aug 30,2026-07-27,Corrode,Fnatic,3,6,33.3%,9,Alfaer,Killjoy,0.67,190.3,18.2,11.9,6.7,151.9
ONGOING,VCT 26: EMEA Stage 2,EMEA,Jul 15 - Aug 30,2026-07-27,Corrode,Fnatic,3,6,33.3%,9,Hiro,Fade,0.75,285.4,20.7,12.1,3.8,93.4
ONGOING,VCT 26: EMEA Stage 2,EMEA,Jul 15 - Aug 30,2026-07-30,Corrode,Natus Vincere,10,9,52.6%,19,Shao,Fade,1.04,305.0,20.2,9.9,5.4,154.2
ONGOING,VCT 26: EMEA Stage 2,EMEA,Jul 15 - Aug 30,2026-07-30,Corrode,Natus Vincere,10,9,52.6%,19,Zyppan,Raze,0.67,255.2,10.5,13.9,5.5,149.3
ONGOING,VCT 26: EMEA Stage 2,EMEA,Jul 15 - Aug 30,2026-07-30,Corrode,Natus Vincere,10,9,52.6%,19,SUYGETSU,Cypher,1.22,269.7,14.6,10.3,9.5,170.3
ONGOING,VCT 26: EMEA Stage 2,EMEA,Jul 15 - Aug 30,2026-07-30,Corrode,Natus Vincere,10,9,52.6%,19,ANGE1,Omen,0.83,146.5,15.8,14.7,9.0,112.1
ONGOING,VCT 26: EMEA Stage 2,EMEA,Jul 15 - Aug 30,2026-07-30,Corrode,Natus Vincere,10,9,52.6%,19,ardis,Jett,1.3,297.8,12.4,14.3,4.7,181.0
ONGOING,VCT 26: EMEA Stage 2,EMEA,Jul 15 - Aug 30,2026-08-05,Fracture,Fnatic,6,0,100.0%,6,Derke,Yoru,1.12,253.9,21.7,14.4,3.7,100.5
ONGOING,VCT 26: EMEA Stage 2,EMEA,Jul 15 - Aug 30,2026-08-05,Fracture,Fnatic,6,0,100.0%,6,Boaster,Astra,0.69,175.9,18.1,13.1,3.3,113.6
ONGOING,VCT 26: EMEA Stage 2,EMEA,Jul 15 - Aug 30,2026-08-05,Fracture,Fnatic,6,0,100.0%,6,Chronicle,Sova,1.14,218.5,10.5,16.9,9.3,120.9
ONGOING,VCT 26: EMEA Stage 2,EMEA,Jul 15 - Aug 30,2026-08-05,Fracture,Fnatic,6,0,100.0%,6,Alfaer,Killjoy,1.09,230.7,15.5,15.8,6.9,112.1
ONGOING,VCT 26: EMEA Stage 2,EMEA,Jul 15 - Aug 30,2026-08-05,Fracture,Fnatic,6,0,100.0%,6,Hiro,Fade,0.85,157.6,9.1,12.7,8.3,127.1
ONGOING,VCT 26: EMEA Stage 2,EMEA,Jul 15 - Aug 30,2026-07-25,Fracture,Natus Vincere,2,6,25.0%,8,Shao,Fade,0.79,266.2,14.4,15.6,7.8,111.3
ONGOING,VCT 26: EMEA Stage 2,EMEA,Jul 15 - Aug 30,2026-07-25,Fracture,Natus Vincere,2,6,25.0%,8,Zyppan,Raze,1.03,261.6,20.7,14.8,7.9,177.7
ONGOING,VCT 26: EMEA Stage 2,EMEA,Jul 15 - Aug 30,2026-07-25,Fracture,Natus Vincere,2,6,25.0%,8,SUYGETSU,Cypher,1.41,267.0,15.9,13.5,3.1,173.6
ONGOING,VCT 26: EMEA Stage 2,EMEA,Jul 15 - Aug 30,2026-07-25,Fracture,Natus Vincere,2,6,25.0%,8,ANGE1,Omen,1.38,194.0,17.5,17.8,3.2,197.2
ONGOING,VCT 26: EMEA Stage 2,EMEA,Jul 15 - Aug 30,2026-07-25,Fracture,Natus Vincere,2,6,25.0%,8,ardis,Jett,0.92,130.7,21.2,9.3,8.0,192.8
ONGOING,VCT 26: EMEA Stage 2,EMEA,Jul 15 - Aug 30,2026-08-08,Haven,Fnatic,10,4,71.4%,14,Derke,Yoru,1.09,140.0,15.8,15.5,9.2,137.8
ONGOING,VCT 26: EMEA Stage 2,EMEA,Jul 15 - Aug 30,2026-08-08,Haven,Fnatic,10,4,71.4%,14,Boaster,Astra,1.41,175.2,16.9,10.1,5.3,106.9
ONGOING,VCT 26: EMEA Stage 2,EMEA,Jul 15 - Aug 30,2026-08-08,Haven,Fnatic,10,4,71.4%,14,Chronicle,Sova,1.22,173.5,13.5,12.0,2.6,94.9
ONGOING,VCT 26: EMEA Stage 2,EMEA,Jul 15 - Aug 30,2026-08-08,Haven,Fnatic,10,4,71.4%,14,Alfaer,Killjoy,0.67,268.0,14.2,14.7,3.2,103.5
ONGOING,VCT 26: EMEA Stage 2,EMEA,Jul 15 - Aug 30,2026-08-08,Haven,Fnatic,10,4,71.4%,14,Hiro,Fade,1.45,132.1,23.9,17.8,7.9,85.5
ONGOING,VCT 26: EMEA Stage 2,EMEA,Jul 15 - Aug 30,2026-08-05,Haven,Natus Vincere,10,0,100.0%,10,Shao,Fade,0.97,186.4,9.7,12.6,2.0,157.4
ONGOING,VCT 26: EMEA Stage 2,EMEA,Jul 15 - Aug 30,2026-08-05,Haven,Natus Vincere,10,0,100.0%,10,Zyppan,Raze,1.23,249.2,9.6,13.3,7.6,115.1
ONGOING,VCT 26: EMEA Stage 2,EMEA,Jul 15 - Aug 30,2026-08-05,Haven,Natus Vincere,10,0,100.0%,10,SUYGETSU,Cypher,1.44,149.5,17.2,15.9,9.7,155.5
ONGOING,VCT 26: EMEA Stage 2,EMEA,Jul 15 - Aug 30,2026-08-05,Haven,Natus Vincere,10,0,100.0%,10,ANGE1,Omen,1.34,199.5,14.3,9.6,9.7,203.4
ONGOING,VCT 26: EMEA Stage 2,EMEA,Jul 15 - Aug 30,2026-08-05,Haven,Natus Vincere,10,0,100.0%,10,ardis,Jett,0.83,121.5,14.3,11.4,7.6,189.7
ONGOING,VCT 26: EMEA Stage 2,EMEA,Jul 15 - Aug 30,2026-07-30,Icebox,Fnatic,5,0,100.0%,5,Derke,Yoru,1.09,236.0,9.6,10.6,6.9,122.2
ONGOING,VCT 26: EMEA Stage 2,EMEA,Jul 15 - Aug 30,2026-07-30,Icebox,Fnatic,5,0,100.0%,5,Boaster,Astra,1.19,230.5,21.8,15.6,7.3,89.3
ONGOING,VCT 26: EMEA Stage 2,EMEA,Jul 15 - Aug 30,2026-07-30,Icebox,Fnatic,5,0,100.0%,5,Chronicle,Sova,1.36,200.4,11.9,17.8,4.1,200.5
ONGOING,VCT 26: EMEA Stage 2,EMEA,Jul 15 - Aug 30,2026-07-30,Icebox,Fnatic,5,0,100.0%,5,Alfaer,Killjoy,1.27,148.4,19.8,10.8,3.6,164.3
ONGOING,VCT 26: EMEA Stage 2,EMEA,Jul 15 - Aug 30,2026-07-30,Icebox,Fnatic,5,0,100.0%,5,Hiro,Fade,0.9,156.2,17.3,11.1,3.2,112.5
ONGOING,VCT 26: EMEA Stage 2,EMEA,Jul 15 - Aug 30,2026-08-08,Icebox,Natus Vincere,1,1,50.0%,2,Shao,Fade,0.69,187.8,10.4,12.1,4.1,146.0
ONGOING,VCT 26: EMEA Stage 2,EMEA,Jul 15 - Aug 30,2026-08-08,Icebox,Natus Vincere,1,1,50.0%,2,Zyppan,Raze,1.2,284.1,20.8,10.2,6.3,129.3
ONGOING,VCT 26: EMEA Stage 2,EMEA,Jul 15 - Aug 30,2026-08-08,Icebox,Natus Vincere,1,1,50.0%,2,SUYGETSU,Cypher,1.36,196.4,18.6,9.5,5.8,174.4
ONGOING,VCT 26: EMEA Stage 2,EMEA,Jul 15 - Aug 30,2026-08-08,Icebox,Natus Vincere,1,1,50.0%,2,ANGE1,Omen,1.29,294.8,20.4,15.9,9.8,161.7
ONGOING,VCT 26: EMEA Stage 2,EMEA,Jul 15 - Aug 30,2026-08-08,Icebox,Natus Vincere,1,1,50.0%,2,ardis,Jett,1.12,252.3,20.9,13.6,5.9,135.4
ONGOING,VCT 26: EMEA Stage 2,EMEA,Jul 15 - Aug 30,2026-07-31,Lotus,Fnatic,1,2,33.3%,3,Derke,Yoru,1.21,187.0,16.8,11.4,7.3,145.5
ONGOING,VCT 26: EMEA Stage 2,EMEA,Jul 15 - Aug 30,2026-07-31,Lotus,Fnatic,1,2,33.3%,3,Boaster,Astra,0.9,273.0,22.0,9.6,5.6,125.0
ONGOING,VCT 26: EMEA Stage 2,EMEA,Jul 15 - Aug 30,2026-07-31,Lotus,Fnatic,1,2,33.3%,3,Chronicle,Sova,1.36,303.2,18.7,16.5,9.8,178.9
ONGOING,VCT 26: EMEA Stage 2,EMEA,Jul 15 - Aug 30,2026-07-31,Lotus,Fnatic,1,2,33.3%,3,Alfaer,Killjoy,0.79,219.5,15.3,9.8,2.9,161.8
ONGOING,VCT 26: EMEA Stage 2,EMEA,Jul 15 - Aug 30,2026-07-31,Lotus,Fnatic,1,2,33.3%,3,Hiro,Fade,0.87,277.0,11.8,16.3,8.6,130.2
ONGOING,VCT 26: EMEA Stage 2,EMEA,Jul 15 - Aug 30,2026-07-30,Lotus,Natus Vincere,3,3,50.0%,6,Shao,Fade,1.1,216.1,15.8,14.5,3.4,94.2
ONGOING,VCT 26: EMEA Stage 2,EMEA,Jul 15 - Aug 30,2026-07-30,Lotus,Natus Vincere,3,3,50.0%,6,Zyppan,Raze,0.77,248.6,20.4,16.2,4.2,179.2
ONGOING,VCT 26: EMEA Stage 2,EMEA,Jul 15 - Aug 30,2026-07-30,Lotus,Natus Vincere,3,3,50.0%,6,SUYGETSU,Cypher,0.89,174.9,14.5,16.4,4.4,188.5
ONGOING,VCT 26: EMEA Stage 2,EMEA,Jul 15 - Aug 30,2026-07-30,Lotus,Natus Vincere,3,3,50.0%,6,ANGE1,Omen,0.93,189.2,17.9,10.6,7.3,168.9
ONGOING,VCT 26: EMEA Stage 2,EMEA,Jul 15 - Aug 30,2026-07-30,Lotus,Natus Vincere,3,3,50.0%,6,ardis,Jett,0.68,157.2,12.1,15.4,8.4,124.9
ONGOING,VCT 26: EMEA Stage 2,EMEA,Jul 15 - Aug 30,2026-08-05,Pearl,Fnatic,0,1,0.0%,1,Derke,Yoru,0.97,197.8,15.0,17.1,5.6,104.2
ONGOING,VCT 26: EMEA Stage 2,EMEA,Jul 15 - Aug 30,2026-08-05,Pearl,Fnatic,0,1,0.0%,1,Boaster,Astra,0.66,275.9,18.6,10.5,5.0,123.1
ONGOING,VCT 26: EMEA Stage 2,EMEA,Jul 15 - Aug 30,2026-08-05,Pearl,Fnatic,0,1,0.0%,1,Chronicle,Sova,0.92,184.3,13.7,14.0,4.5,123.7
ONGOING,VCT 26: EMEA Stage 2,EMEA,Jul 15 - Aug 30,2026-08-05,Pearl,Fnatic,0,1,0.0%,1,Alfaer,Killjoy,1.22,210.8,11.3,10.6,7.7,129.6
ONGOING,VCT 26: EMEA Stage 2,EMEA,Jul 15 - Aug 30,2026-08-05,Pearl,Fnatic,0,1,0.0%,1,Hiro,Fade,0.9,150.6,11.1,13.9,8.8,199.4
ONGOING,VCT 26: EMEA Stage 2,EMEA,Jul 15 - Aug 30,2026-08-08,Pearl,Natus Vincere,6,5,54.5%,11,Shao,Fade,1.36,150.5,14.1,13.5,8.2,147.4
ONGOING,VCT 26: EMEA Stage 2,EMEA,Jul 15 - Aug 30,2026-08-08,Pearl,Natus Vincere,6,5,54.5%,11,Zyppan,Raze,1.39,129.1,16.9,16.6,4.9,148.6
ONGOING,VCT 26: EMEA Stage 2,EMEA,Jul 15 - Aug 30,2026-08-08,Pearl,Natus Vincere,6,5,54.5%,11,SUYGETSU,Cypher,0.72,219.2,20.4,15.9,9.2,201.2
ONGOING,VCT 26: EMEA Stage 2,EMEA,Jul 15 - Aug 30,2026-08-08,Pearl,Natus Vincere,6,5,54.5%,11,ANGE1,Omen,0.84,136.0,8.1,10.5,4.3,192.8
ONGOING,VCT 26: EMEA Stage 2,EMEA,Jul 15 - Aug 30,2026-08-08,Pearl,Natus Vincere,6,5,54.5%,11,ardis,Jett,1.01,129.4,11.7,11.4,9.1,125.0
ONGOING,VCT 26: EMEA Stage 2,EMEA,Jul 15 - Aug 30,2026-08-05,Split,Fnatic,6,6,50.0%,12,Derke,Yoru,0.76,266.8,13.8,12.0,7.4,163.7
ONGOING,VCT 26: EMEA Stage 2,EMEA,Jul 15 - Aug 30,2026-08-05,Split,Fnatic,6,6,50.0%,12,Boaster,Astra,1.05,141.3,19.0,10.4,9.5,160.7
ONGOING,VCT 26: EMEA Stage 2,EMEA,Jul 15 - Aug 30,2026-08-05,Split,Fnatic,6,6,50.0%,12,Chronicle,Sova,1.39,125.3,20.7,11.1,2.2,88.5
ONGOING,VCT 26: EMEA Stage 2,EMEA,Jul 15 - Aug 30,2026-08-05,Split,Fnatic,6,6,50.0%,12,Alfaer,Killjoy,1.45,262.1,23.4,9.4,6.4,91.6
ONGOING,VCT 26: EMEA Stage 2,EMEA,Jul 15 - Aug 30,2026-08-05,Split,Fnatic,6,6,50.0%,12,Hiro,Fade,0.86,216.1,14.1,10.8,7.4,143.4
ONGOING,VCT 26: EMEA Stage 2,EMEA,Jul 15 - Aug 30,2026-08-06,Split,Natus Vincere,1,0,100.0%,1,Shao,Fade,0.94,183.6,10.4,14.2,2.2,112.1
ONGOING,VCT 26: EMEA Stage 2,EMEA,Jul 15 - Aug 30,2026-08-06,Split,Natus Vincere,1,0,100.0%,1,Zyppan,Raze,1.35,153.8,23.2,11.6,7.0,130.8
ONGOING,VCT 26: EMEA Stage 2,EMEA,Jul 15 - Aug 30,2026-08-06,Split,Natus Vincere,1,0,100.0%,1,SUYGETSU,Cypher,1.06,183.3,19.3,9.0,5.3,145.6
ONGOING,VCT 26: EMEA Stage 2,EMEA,Jul 15 - Aug 30,2026-08-06,Split,Natus Vincere,1,0,100.0%,1,ANGE1,Omen,0.82,149.5,18.8,14.9,4.5,128.1
ONGOING,VCT 26: EMEA Stage 2,EMEA,Jul 15 - Aug 30,2026-08-06,Split,Natus Vincere,1,0,100.0%,1,ardis,Jett,1.35,204.7,15.0,16.2,8.9,167.9
ONGOING,VCT 26: EMEA Stage 2,EMEA,Jul 15 - Aug 30,2026-08-05,Summit,Fnatic,7,6,53.8%,13,Derke,Yoru,1.2,173.6,22.1,11.6,8.9,91.4
ONGOING,VCT 26: EMEA Stage 2,EMEA,Jul 15 - Aug 30,2026-08-05,Summit,Fnatic,7,6,53.8%,13,Boaster,Astra,1.15,168.3,12.0,9.4,2.5,149.3
ONGOING,VCT 26: EMEA Stage 2,EMEA,Jul 15 - Aug 30,2026-08-05,Summit,Fnatic,7,6,53.8%,13,Chronicle,Sova,1.44,168.2,14.3,15.5,7.0,170.4
ONGOING,VCT 26: EMEA Stage 2,EMEA,Jul 15 - Aug 30,2026-08-05,Summit,Fnatic,7,6,53.8%,13,Alfaer,Killjoy,1.04,169.1,21.4,17.3,8.7,126.8
ONGOING,VCT 26: EMEA Stage 2,EMEA,Jul 15 - Aug 30,2026-08-05,Summit,Fnatic,7,6,53.8%,13,Hiro,Fade,0.68,156.1,21.1,13.9,4.0,108.4
ONGOING,VCT 26: EMEA Stage 2,EMEA,Jul 15 - Aug 30,2026-07-24,Summit,Natus Vincere,9,2,81.8%,11,Shao,Fade,1.04,223.5,22.6,17.3,3.2,132.8
ONGOING,VCT 26: EMEA Stage 2,EMEA,Jul 15 - Aug 30,2026-07-24,Summit,Natus Vincere,9,2,81.8%,11,Zyppan,Raze,0.96,126.4,13.2,11.6,5.7,193.8
ONGOING,VCT 26: EMEA Stage 2,EMEA,Jul 15 - Aug 30,2026-07-24,Summit,Natus Vincere,9,2,81.8%,11,SUYGETSU,Cypher,0.7,285.4,16.8,14.8,3.6,171.8
ONGOING,VCT 26: EMEA Stage 2,EMEA,Jul 15 - Aug 30,2026-07-24,Summit,Natus Vincere,9,2,81.8%,11,ANGE1,Omen,1.09,241.8,9.7,10.4,8.6,201.3
ONGOING,VCT 26: EMEA Stage 2,EMEA,Jul 15 - Aug 30,2026-07-24,Summit,Natus Vincere,9,2,81.8%,11,ardis,Jett,0.74,220.1,17.1,15.8,5.7,199.4
ONGOING,VCT 26: EMEA Stage 2,EMEA,Jul 15 - Aug 30,2026-08-06,Sunset,Fnatic,5,5,50.0%,10,Derke,Yoru,1.12,241.2,22.0,13.0,2.1,102.4
ONGOING,VCT 26: EMEA Stage 2,EMEA,Jul 15 - Aug 30,2026-08-06,Sunset,Fnatic,5,5,50.0%,10,Boaster,Astra,0.78,207.5,13.6,11.2,3.9,177.2
ONGOING,VCT 26: EMEA Stage 2,EMEA,Jul 15 - Aug 30,2026-08-06,Sunset,Fnatic,5,5,50.0%,10,Chronicle,Sova,1.35,227.4,16.6,15.1,3.4,181.1
ONGOING,VCT 26: EMEA Stage 2,EMEA,Jul 15 - Aug 30,2026-08-06,Sunset,Fnatic,5,5,50.0%,10,Alfaer,Killjoy,1.08,131.5,14.1,12.1,8.8,150.8
ONGOING,VCT 26: EMEA Stage 2,EMEA,Jul 15 - Aug 30,2026-08-06,Sunset,Fnatic,5,5,50.0%,10,Hiro,Fade,1.12,128.2,18.5,14.5,2.1,144.3
ONGOING,VCT 26: EMEA Stage 2,EMEA,Jul 15 - Aug 30,2026-07-28,Sunset,Natus Vincere,4,10,28.6%,14,Shao,Fade,0.71,200.3,17.1,17.1,7.5,125.5
ONGOING,VCT 26: EMEA Stage 2,EMEA,Jul 15 - Aug 30,2026-07-28,Sunset,Natus Vincere,4,10,28.6%,14,Zyppan,Raze,0.7,259.1,14.9,17.4,9.1,89.7
ONGOING,VCT 26: EMEA Stage 2,EMEA,Jul 15 - Aug 30,2026-07-28,Sunset,Natus Vincere,4,10,28.6%,14,SUYGETSU,Cypher,1.27,300.1,9.1,16.4,4.8,177.2
ONGOING,VCT 26: EMEA Stage 2,EMEA,Jul 15 - Aug 30,2026-07-28,Sunset,Natus Vincere,4,10,28.6%,14,ANGE1,Omen,0.89,238.1,9.2,14.1,3.5,94.9
ONGOING,VCT 26: EMEA Stage 2,EMEA,Jul 15 - Aug 30,2026-07-28,Sunset,Natus Vincere,4,10,28.6%,14,ardis,Jett,0.88,123.8,15.1,12.0,8.5,172.6
ONGOING,VCT 26: EMEA Stage 2,EMEA,Jul 15 - Aug 30,2026-07-31,Abyss,Fnatic,4,9,30.8%,13,Derke,Yoru,1.17,127.4,11.6,11.5,6.2,151.5
ONGOING,VCT 26: EMEA Stage 2,EMEA,Jul 15 - Aug 30,2026-07-31,Abyss,Fnatic,4,9,30.8%,13,Boaster,Astra,0.88,194.1,16.9,16.0,2.6,146.9
ONGOING,VCT 26: EMEA Stage 2,EMEA,Jul 15 - Aug 30,2026-07-31,Abyss,Fnatic,4,9,30.8%,13,Chronicle,Sova,1.08,147.2,15.3,14.3,3.8,154.7
ONGOING,VCT 26: EMEA Stage 2,EMEA,Jul 15 - Aug 30,2026-07-31,Abyss,Fnatic,4,9,30.8%,13,Alfaer,Killjoy,1.25,162.4,14.4,17.7,4.4,107.9
ONGOING,VCT 26: EMEA Stage 2,EMEA,Jul 15 - Aug 30,2026-07-31,Abyss,Fnatic,4,9,30.8%,13,Hiro,Fade,1.13,202.3,17.8,12.8,4.5,140.7
ONGOING,VCT 26: EMEA Stage 2,EMEA,Jul 15 - Aug 30,2026-08-02,Abyss,Natus Vincere,10,0,100.0%,10,Shao,Fade,1.18,121.7,10.6,12.2,4.3,144.0
ONGOING,VCT 26: EMEA Stage 2,EMEA,Jul 15 - Aug 30,2026-08-02,Abyss,Natus Vincere,10,0,100.0%,10,Zyppan,Raze,0.73,282.6,23.7,11.2,5.4,184.2
ONGOING,VCT 26: EMEA Stage 2,EMEA,Jul 15 - Aug 30,2026-08-02,Abyss,Natus Vincere,10,0,100.0%,10,SUYGETSU,Cypher,0.67,177.9,13.4,17.5,9.2,151.9
ONGOING,VCT 26: EMEA Stage 2,EMEA,Jul 15 - Aug 30,2026-08-02,Abyss,Natus Vincere,10,0,100.0%,10,ANGE1,Omen,0.82,229.3,12.9,17.0,4.3,184.9
ONGOING,VCT 26: EMEA Stage 2,EMEA,Jul 15 - Aug 30,2026-08-02,Abyss,Natus Vincere,10,0,100.0%,10,ardis,Jett,1.14,186.6,12.5,11.7,3.9,198.4
ONGOING,VCT 26: CN Stage 2,CN,Jul 9 - Aug 23,2026-08-06,Ascent,EDward Gaming,7,4,63.6%,11,ZmjjKK,Jett,0.8,230.1,13.6,11.5,8.6,202.1
ONGOING,VCT 26: CN Stage 2,CN,Jul 9 - Aug 23,2026-08-06,Ascent,EDward Gaming,7,4,63.6%,11,CHICO,Sova,0.76,134.5,16.2,12.4,5.2,108.5
ONGOING,VCT 26: CN Stage 2,CN,Jul 9 - Aug 23,2026-08-06,Ascent,EDward Gaming,7,4,63.6%,11,nobody,Fade,0.93,120.9,22.4,15.4,9.9,105.5
ONGOING,VCT 26: CN Stage 2,CN,Jul 9 - Aug 23,2026-08-06,Ascent,EDward Gaming,7,4,63.6%,11,Haodong,Omen,1.32,208.5,23.1,16.8,6.4,154.7
ONGOING,VCT 26: CN Stage 2,CN,Jul 9 - Aug 23,2026-08-06,Ascent,EDward Gaming,7,4,63.6%,11,Smoggy,Viper,1.04,262.0,22.4,10.9,8.7,138.1
ONGOING,VCT 26: CN Stage 2,CN,Jul 9 - Aug 23,2026-08-08,Ascent,FunPlus Phoenix,10,7,58.8%,17,Life,Jett,1.06,250.2,22.8,11.7,2.3,104.8
ONGOING,VCT 26: CN Stage 2,CN,Jul 9 - Aug 23,2026-08-08,Ascent,FunPlus Phoenix,10,7,58.8%,17,BerYi,Omen,0.65,229.7,17.9,16.2,8.8,125.3
ONGOING,VCT 26: CN Stage 2,CN,Jul 9 - Aug 23,2026-08-08,Ascent,FunPlus Phoenix,10,7,58.8%,17,AAAAY,Sova,1.14,155.7,21.4,15.5,3.5,182.0
ONGOING,VCT 26: CN Stage 2,CN,Jul 9 - Aug 23,2026-08-08,Ascent,FunPlus Phoenix,10,7,58.8%,17,Autumn,Killjoy,0.96,183.5,11.6,17.9,6.3,162.8
ONGOING,VCT 26: CN Stage 2,CN,Jul 9 - Aug 23,2026-08-08,Ascent,FunPlus Phoenix,10,7,58.8%,17,Lysoar,Viper,1.13,241.3,22.7,16.9,9.9,193.1
ONGOING,VCT 26: CN Stage 2,CN,Jul 9 - Aug 23,2026-07-30,Bind,EDward Gaming,3,6,33.3%,9,ZmjjKK,Jett,0.78,283.4,12.4,14.7,7.4,194.5
ONGOING,VCT 26: CN Stage 2,CN,Jul 9 - Aug 23,2026-07-30,Bind,EDward Gaming,3,6,33.3%,9,CHICO,Sova,1.16,285.3,10.1,14.1,7.7,170.0
ONGOING,VCT 26: CN Stage 2,CN,Jul 9 - Aug 23,2026-07-30,Bind,EDward Gaming,3,6,33.3%,9,nobody,Fade,1.17,263.9,21.1,13.2,4.3,186.0
ONGOING,VCT 26: CN Stage 2,CN,Jul 9 - Aug 23,2026-07-30,Bind,EDward Gaming,3,6,33.3%,9,Haodong,Omen,1.17,202.3,18.4,12.0,9.7,168.6
ONGOING,VCT 26: CN Stage 2,CN,Jul 9 - Aug 23,2026-07-30,Bind,EDward Gaming,3,6,33.3%,9,Smoggy,Viper,0.87,264.3,15.2,14.3,5.7,92.8
ONGOING,VCT 26: CN Stage 2,CN,Jul 9 - Aug 23,2026-07-28,Bind,FunPlus Phoenix,8,7,53.3%,15,Life,Jett,1.37,143.3,23.9,11.7,3.7,122.3
ONGOING,VCT 26: CN Stage 2,CN,Jul 9 - Aug 23,2026-07-28,Bind,FunPlus Phoenix,8,7,53.3%,15,BerYi,Omen,0.93,182.6,14.8,14.9,6.3,124.8
ONGOING,VCT 26: CN Stage 2,CN,Jul 9 - Aug 23,2026-07-28,Bind,FunPlus Phoenix,8,7,53.3%,15,AAAAY,Sova,1.4,224.2,10.3,16.6,5.3,115.7
ONGOING,VCT 26: CN Stage 2,CN,Jul 9 - Aug 23,2026-07-28,Bind,FunPlus Phoenix,8,7,53.3%,15,Autumn,Killjoy,1.25,196.9,10.6,16.9,9.0,196.6
ONGOING,VCT 26: CN Stage 2,CN,Jul 9 - Aug 23,2026-07-28,Bind,FunPlus Phoenix,8,7,53.3%,15,Lysoar,Viper,1.27,249.2,15.1,16.3,6.6,172.2
ONGOING,VCT 26: CN Stage 2,CN,Jul 9 - Aug 23,2026-07-25,Breeze,EDward Gaming,4,6,40.0%,10,ZmjjKK,Jett,0.67,245.1,19.8,11.2,9.0,186.7
ONGOING,VCT 26: CN Stage 2,CN,Jul 9 - Aug 23,2026-07-25,Breeze,EDward Gaming,4,6,40.0%,10,CHICO,Sova,1.39,299.9,12.0,9.8,2.3,137.6
ONGOING,VCT 26: CN Stage 2,CN,Jul 9 - Aug 23,2026-07-25,Breeze,EDward Gaming,4,6,40.0%,10,nobody,Fade,1.35,141.4,8.2,16.5,7.0,112.5
ONGOING,VCT 26: CN Stage 2,CN,Jul 9 - Aug 23,2026-07-25,Breeze,EDward Gaming,4,6,40.0%,10,Haodong,Omen,0.84,168.9,20.8,14.3,9.9,126.1
ONGOING,VCT 26: CN Stage 2,CN,Jul 9 - Aug 23,2026-07-25,Breeze,EDward Gaming,4,6,40.0%,10,Smoggy,Viper,1.37,124.1,15.9,12.2,2.7,167.7
ONGOING,VCT 26: CN Stage 2,CN,Jul 9 - Aug 23,2026-07-30,Breeze,FunPlus Phoenix,3,4,42.9%,7,Life,Jett,1.0,185.0,12.7,17.9,9.2,124.2
ONGOING,VCT 26: CN Stage 2,CN,Jul 9 - Aug 23,2026-07-30,Breeze,FunPlus Phoenix,3,4,42.9%,7,BerYi,Omen,1.05,177.1,22.0,16.7,3.3,202.3
ONGOING,VCT 26: CN Stage 2,CN,Jul 9 - Aug 23,2026-07-30,Breeze,FunPlus Phoenix,3,4,42.9%,7,AAAAY,Sova,1.15,282.1,19.7,17.8,2.1,118.7
ONGOING,VCT 26: CN Stage 2,CN,Jul 9 - Aug 23,2026-07-30,Breeze,FunPlus Phoenix,3,4,42.9%,7,Autumn,Killjoy,1.03,291.3,10.5,15.1,3.0,176.4
ONGOING,VCT 26: CN Stage 2,CN,Jul 9 - Aug 23,2026-07-30,Breeze,FunPlus Phoenix,3,4,42.9%,7,Lysoar,Viper,0.91,169.9,9.5,14.7,5.4,176.6
ONGOING,VCT 26: CN Stage 2,CN,Jul 9 - Aug 23,2026-08-05,Corrode,EDward Gaming,8,9,47.1%,17,ZmjjKK,Jett,0.76,159.5,9.3,9.5,5.4,96.5
ONGOING,VCT 26: CN Stage 2,CN,Jul 9 - Aug 23,2026-08-05,Corrode,EDward Gaming,8,9,47.1%,17,CHICO,Sova,1.3,157.4,9.7,15.1,6.2,131.0
ONGOING,VCT 26: CN Stage 2,CN,Jul 9 - Aug 23,2026-08-05,Corrode,EDward Gaming,8,9,47.1%,17,nobody,Fade,0.8,156.7,8.1,10.3,4.5,171.7
ONGOING,VCT 26: CN Stage 2,CN,Jul 9 - Aug 23,2026-08-05,Corrode,EDward Gaming,8,9,47.1%,17,Haodong,Omen,1.26,298.3,23.3,13.8,5.8,182.9
ONGOING,VCT 26: CN Stage 2,CN,Jul 9 - Aug 23,2026-08-05,Corrode,EDward Gaming,8,9,47.1%,17,Smoggy,Viper,0.93,182.0,15.7,14.8,5.2,98.7
ONGOING,VCT 26: CN Stage 2,CN,Jul 9 - Aug 23,2026-07-30,Corrode,FunPlus Phoenix,5,8,38.5%,13,Life,Jett,0.85,150.9,20.4,16.6,5.6,130.1
ONGOING,VCT 26: CN Stage 2,CN,Jul 9 - Aug 23,2026-07-30,Corrode,FunPlus Phoenix,5,8,38.5%,13,BerYi,Omen,0.89,230.3,19.8,16.9,4.4,124.1
ONGOING,VCT 26: CN Stage 2,CN,Jul 9 - Aug 23,2026-07-30,Corrode,FunPlus Phoenix,5,8,38.5%,13,AAAAY,Sova,0.87,151.1,22.8,14.8,3.0,98.8
ONGOING,VCT 26: CN Stage 2,CN,Jul 9 - Aug 23,2026-07-30,Corrode,FunPlus Phoenix,5,8,38.5%,13,Autumn,Killjoy,1.05,284.6,9.6,15.0,5.2,121.0
ONGOING,VCT 26: CN Stage 2,CN,Jul 9 - Aug 23,2026-07-30,Corrode,FunPlus Phoenix,5,8,38.5%,13,Lysoar,Viper,0.66,204.9,13.8,14.4,8.3,139.2
ONGOING,VCT 26: CN Stage 2,CN,Jul 9 - Aug 23,2026-08-04,Fracture,EDward Gaming,4,4,50.0%,8,ZmjjKK,Jett,0.96,191.3,8.5,15.9,4.7,197.1
ONGOING,VCT 26: CN Stage 2,CN,Jul 9 - Aug 23,2026-08-04,Fracture,EDward Gaming,4,4,50.0%,8,CHICO,Sova,1.12,232.6,12.0,9.8,9.9,194.1
ONGOING,VCT 26: CN Stage 2,CN,Jul 9 - Aug 23,2026-08-04,Fracture,EDward Gaming,4,4,50.0%,8,nobody,Fade,0.67,206.3,21.7,9.4,2.0,116.9
ONGOING,VCT 26: CN Stage 2,CN,Jul 9 - Aug 23,2026-08-04,Fracture,EDward Gaming,4,4,50.0%,8,Haodong,Omen,1.39,131.6,9.0,12.6,5.2,133.6
ONGOING,VCT 26: CN Stage 2,CN,Jul 9 - Aug 23,2026-08-04,Fracture,EDward Gaming,4,4,50.0%,8,Smoggy,Viper,0.99,257.9,17.7,13.3,8.2,98.6
ONGOING,VCT 26: CN Stage 2,CN,Jul 9 - Aug 23,2026-07-28,Fracture,FunPlus Phoenix,6,5,54.5%,11,Life,Jett,0.93,257.7,14.5,14.2,8.3,122.8
ONGOING,VCT 26: CN Stage 2,CN,Jul 9 - Aug 23,2026-07-28,Fracture,FunPlus Phoenix,6,5,54.5%,11,BerYi,Omen,1.4,163.9,17.0,12.4,6.4,136.5
ONGOING,VCT 26: CN Stage 2,CN,Jul 9 - Aug 23,2026-07-28,Fracture,FunPlus Phoenix,6,5,54.5%,11,AAAAY,Sova,1.3,181.1,23.8,14.8,5.9,197.0
ONGOING,VCT 26: CN Stage 2,CN,Jul 9 - Aug 23,2026-07-28,Fracture,FunPlus Phoenix,6,5,54.5%,11,Autumn,Killjoy,1.04,305.5,18.3,9.1,7.7,99.5
ONGOING,VCT 26: CN Stage 2,CN,Jul 9 - Aug 23,2026-07-28,Fracture,FunPlus Phoenix,6,5,54.5%,11,Lysoar,Viper,1.08,171.2,15.6,16.0,7.9,154.4
ONGOING,VCT 26: CN Stage 2,CN,Jul 9 - Aug 23,2026-08-08,Haven,EDward Gaming,4,8,33.3%,12,ZmjjKK,Jett,0.69,238.8,18.2,11.5,8.0,117.7
ONGOING,VCT 26: CN Stage 2,CN,Jul 9 - Aug 23,2026-08-08,Haven,EDward Gaming,4,8,33.3%,12,CHICO,Sova,1.24,145.9,11.5,16.5,7.7,164.7
ONGOING,VCT 26: CN Stage 2,CN,Jul 9 - Aug 23,2026-08-08,Haven,EDward Gaming,4,8,33.3%,12,nobody,Fade,1.12,135.1,11.9,11.8,5.3,152.9
ONGOING,VCT 26: CN Stage 2,CN,Jul 9 - Aug 23,2026-08-08,Haven,EDward Gaming,4,8,33.3%,12,Haodong,Omen,0.99,190.5,16.3,18.0,6.9,200.8
ONGOING,VCT 26: CN Stage 2,CN,Jul 9 - Aug 23,2026-08-08,Haven,EDward Gaming,4,8,33.3%,12,Smoggy,Viper,1.32,178.8,14.4,12.0,3.6,153.7
ONGOING,VCT 26: CN Stage 2,CN,Jul 9 - Aug 23,2026-08-07,Haven,FunPlus Phoenix,1,1,50.0%,2,Life,Jett,0.95,152.7,8.0,10.3,9.0,159.0
ONGOING,VCT 26: CN Stage 2,CN,Jul 9 - Aug 23,2026-08-07,Haven,FunPlus Phoenix,1,1,50.0%,2,BerYi,Omen,1.4,236.9,20.2,14.8,9.5,189.9
ONGOING,VCT 26: CN Stage 2,CN,Jul 9 - Aug 23,2026-08-07,Haven,FunPlus Phoenix,1,1,50.0%,2,AAAAY,Sova,1.31,242.3,14.2,16.4,8.9,157.9
ONGOING,VCT 26: CN Stage 2,CN,Jul 9 - Aug 23,2026-08-07,Haven,FunPlus Phoenix,1,1,50.0%,2,Autumn,Killjoy,1.23,242.6,16.4,10.4,9.3,197.4
ONGOING,VCT 26: CN Stage 2,CN,Jul 9 - Aug 23,2026-08-07,Haven,FunPlus Phoenix,1,1,50.0%,2,Lysoar,Viper,1.06,305.0,14.1,16.8,6.6,103.8
ONGOING,VCT 26: CN Stage 2,CN,Jul 9 - Aug 23,2026-08-06,Icebox,EDward Gaming,10,10,50.0%,20,ZmjjKK,Jett,1.16,233.2,11.9,10.4,3.2,150.4
ONGOING,VCT 26: CN Stage 2,CN,Jul 9 - Aug 23,2026-08-06,Icebox,EDward Gaming,10,10,50.0%,20,CHICO,Sova,0.85,165.7,9.6,15.0,8.8,169.8
ONGOING,VCT 26: CN Stage 2,CN,Jul 9 - Aug 23,2026-08-06,Icebox,EDward Gaming,10,10,50.0%,20,nobody,Fade,1.11,168.8,9.9,9.0,8.3,183.4
ONGOING,VCT 26: CN Stage 2,CN,Jul 9 - Aug 23,2026-08-06,Icebox,EDward Gaming,10,10,50.0%,20,Haodong,Omen,1.13,223.1,17.3,14.9,3.5,150.9
ONGOING,VCT 26: CN Stage 2,CN,Jul 9 - Aug 23,2026-08-06,Icebox,EDward Gaming,10,10,50.0%,20,Smoggy,Viper,0.93,120.7,21.3,9.6,2.6,179.9
ONGOING,VCT 26: CN Stage 2,CN,Jul 9 - Aug 23,2026-07-25,Icebox,FunPlus Phoenix,2,1,66.7%,3,Life,Jett,0.82,153.9,22.3,12.0,3.4,102.3
ONGOING,VCT 26: CN Stage 2,CN,Jul 9 - Aug 23,2026-07-25,Icebox,FunPlus Phoenix,2,1,66.7%,3,BerYi,Omen,0.85,247.6,9.0,14.8,4.7,110.1
ONGOING,VCT 26: CN Stage 2,CN,Jul 9 - Aug 23,2026-07-25,Icebox,FunPlus Phoenix,2,1,66.7%,3,AAAAY,Sova,0.71,279.5,11.8,16.3,2.1,97.0
ONGOING,VCT 26: CN Stage 2,CN,Jul 9 - Aug 23,2026-07-25,Icebox,FunPlus Phoenix,2,1,66.7%,3,Autumn,Killjoy,1.01,300.9,16.2,17.5,6.3,144.3
ONGOING,VCT 26: CN Stage 2,CN,Jul 9 - Aug 23,2026-07-25,Icebox,FunPlus Phoenix,2,1,66.7%,3,Lysoar,Viper,0.72,275.3,12.9,14.3,4.0,181.1
ONGOING,VCT 26: CN Stage 2,CN,Jul 9 - Aug 23,2026-08-04,Lotus,EDward Gaming,5,2,71.4%,7,ZmjjKK,Jett,1.17,133.9,22.0,9.8,6.9,120.0
ONGOING,VCT 26: CN Stage 2,CN,Jul 9 - Aug 23,2026-08-04,Lotus,EDward Gaming,5,2,71.4%,7,CHICO,Sova,1.24,288.4,18.6,13.0,9.0,92.1
ONGOING,VCT 26: CN Stage 2,CN,Jul 9 - Aug 23,2026-08-04,Lotus,EDward Gaming,5,2,71.4%,7,nobody,Fade,1.1,148.4,12.5,13.1,8.8,134.8
ONGOING,VCT 26: CN Stage 2,CN,Jul 9 - Aug 23,2026-08-04,Lotus,EDward Gaming,5,2,71.4%,7,Haodong,Omen,1.34,194.9,9.3,13.8,9.5,138.1
ONGOING,VCT 26: CN Stage 2,CN,Jul 9 - Aug 23,2026-08-04,Lotus,EDward Gaming,5,2,71.4%,7,Smoggy,Viper,1.1,258.3,18.3,16.6,7.0,153.0
ONGOING,VCT 26: CN Stage 2,CN,Jul 9 - Aug 23,2026-08-01,Lotus,FunPlus Phoenix,3,6,33.3%,9,Life,Jett,1.25,304.6,8.7,17.9,4.4,129.9
ONGOING,VCT 26: CN Stage 2,CN,Jul 9 - Aug 23,2026-08-01,Lotus,FunPlus Phoenix,3,6,33.3%,9,BerYi,Omen,0.96,243.4,10.0,9.8,9.9,199.6
ONGOING,VCT 26: CN Stage 2,CN,Jul 9 - Aug 23,2026-08-01,Lotus,FunPlus Phoenix,3,6,33.3%,9,AAAAY,Sova,0.74,210.5,18.0,12.2,7.6,136.0
ONGOING,VCT 26: CN Stage 2,CN,Jul 9 - Aug 23,2026-08-01,Lotus,FunPlus Phoenix,3,6,33.3%,9,Autumn,Killjoy,0.91,230.5,19.6,12.5,8.3,203.7
ONGOING,VCT 26: CN Stage 2,CN,Jul 9 - Aug 23,2026-08-01,Lotus,FunPlus Phoenix,3,6,33.3%,9,Lysoar,Viper,0.66,307.6,10.5,12.6,3.2,143.5
ONGOING,VCT 26: CN Stage 2,CN,Jul 9 - Aug 23,2026-08-04,Pearl,EDward Gaming,7,2,77.8%,9,ZmjjKK,Jett,0.95,171.2,11.2,16.5,2.2,204.2
ONGOING,VCT 26: CN Stage 2,CN,Jul 9 - Aug 23,2026-08-04,Pearl,EDward Gaming,7,2,77.8%,9,CHICO,Sova,0.98,176.2,23.0,16.8,8.8,194.9
ONGOING,VCT 26: CN Stage 2,CN,Jul 9 - Aug 23,2026-08-04,Pearl,EDward Gaming,7,2,77.8%,9,nobody,Fade,0.86,184.9,14.0,9.7,6.9,177.6
ONGOING,VCT 26: CN Stage 2,CN,Jul 9 - Aug 23,2026-08-04,Pearl,EDward Gaming,7,2,77.8%,9,Haodong,Omen,0.65,162.7,20.3,12.9,7.4,124.7
ONGOING,VCT 26: CN Stage 2,CN,Jul 9 - Aug 23,2026-08-04,Pearl,EDward Gaming,7,2,77.8%,9,Smoggy,Viper,0.97,152.2,24.0,12.8,3.8,87.1
ONGOING,VCT 26: CN Stage 2,CN,Jul 9 - Aug 23,2026-07-31,Pearl,FunPlus Phoenix,9,10,47.4%,19,Life,Jett,1.11,177.9,17.6,14.3,6.0,165.2
ONGOING,VCT 26: CN Stage 2,CN,Jul 9 - Aug 23,2026-07-31,Pearl,FunPlus Phoenix,9,10,47.4%,19,BerYi,Omen,0.76,184.9,17.2,11.4,6.7,172.2
ONGOING,VCT 26: CN Stage 2,CN,Jul 9 - Aug 23,2026-07-31,Pearl,FunPlus Phoenix,9,10,47.4%,19,AAAAY,Sova,0.86,178.2,14.7,14.5,9.3,128.6
ONGOING,VCT 26: CN Stage 2,CN,Jul 9 - Aug 23,2026-07-31,Pearl,FunPlus Phoenix,9,10,47.4%,19,Autumn,Killjoy,0.89,289.6,14.3,10.4,5.7,128.0
ONGOING,VCT 26: CN Stage 2,CN,Jul 9 - Aug 23,2026-07-31,Pearl,FunPlus Phoenix,9,10,47.4%,19,Lysoar,Viper,1.24,258.7,15.4,14.2,6.1,172.1
ONGOING,VCT 26: CN Stage 2,CN,Jul 9 - Aug 23,2026-08-06,Split,EDward Gaming,5,8,38.5%,13,ZmjjKK,Jett,1.08,302.6,8.9,11.1,4.4,176.9
ONGOING,VCT 26: CN Stage 2,CN,Jul 9 - Aug 23,2026-08-06,Split,EDward Gaming,5,8,38.5%,13,CHICO,Sova,0.96,285.2,8.2,10.7,9.9,170.7
ONGOING,VCT 26: CN Stage 2,CN,Jul 9 - Aug 23,2026-08-06,Split,EDward Gaming,5,8,38.5%,13,nobody,Fade,0.83,150.1,8.1,17.4,7.5,181.7
ONGOING,VCT 26: CN Stage 2,CN,Jul 9 - Aug 23,2026-08-06,Split,EDward Gaming,5,8,38.5%,13,Haodong,Omen,1.3,216.4,13.9,12.0,9.9,171.7
ONGOING,VCT 26: CN Stage 2,CN,Jul 9 - Aug 23,2026-08-06,Split,EDward Gaming,5,8,38.5%,13,Smoggy,Viper,0.71,125.4,14.2,12.0,5.9,192.2
ONGOING,VCT 26: CN Stage 2,CN,Jul 9 - Aug 23,2026-08-06,Split,FunPlus Phoenix,4,10,28.6%,14,Life,Jett,1.08,179.0,20.6,15.8,7.6,116.6
ONGOING,VCT 26: CN Stage 2,CN,Jul 9 - Aug 23,2026-08-06,Split,FunPlus Phoenix,4,10,28.6%,14,BerYi,Omen,1.19,207.1,11.7,15.2,2.6,105.6
ONGOING,VCT 26: CN Stage 2,CN,Jul 9 - Aug 23,2026-08-06,Split,FunPlus Phoenix,4,10,28.6%,14,AAAAY,Sova,0.94,250.0,12.3,13.5,9.8,143.9
ONGOING,VCT 26: CN Stage 2,CN,Jul 9 - Aug 23,2026-08-06,Split,FunPlus Phoenix,4,10,28.6%,14,Autumn,Killjoy,1.33,264.1,17.5,12.4,8.1,193.1
ONGOING,VCT 26: CN Stage 2,CN,Jul 9 - Aug 23,2026-08-06,Split,FunPlus Phoenix,4,10,28.6%,14,Lysoar,Viper,1.39,220.8,13.3,13.5,7.0,137.2
ONGOING,VCT 26: CN Stage 2,CN,Jul 9 - Aug 23,2026-07-31,Summit,EDward Gaming,4,8,33.3%,12,ZmjjKK,Jett,0.77,225.9,14.6,15.2,7.5,182.5
ONGOING,VCT 26: CN Stage 2,CN,Jul 9 - Aug 23,2026-07-31,Summit,EDward Gaming,4,8,33.3%,12,CHICO,Sova,0.66,262.8,17.3,12.0,6.0,143.4
ONGOING,VCT 26: CN Stage 2,CN,Jul 9 - Aug 23,2026-07-31,Summit,EDward Gaming,4,8,33.3%,12,nobody,Fade,1.14,143.1,21.3,17.7,7.9,109.6
ONGOING,VCT 26: CN Stage 2,CN,Jul 9 - Aug 23,2026-07-31,Summit,EDward Gaming,4,8,33.3%,12,Haodong,Omen,1.06,226.9,22.9,16.2,9.1,192.7
ONGOING,VCT 26: CN Stage 2,CN,Jul 9 - Aug 23,2026-07-31,Summit,EDward Gaming,4,8,33.3%,12,Smoggy,Viper,0.66,197.5,22.5,14.7,3.2,99.8
ONGOING,VCT 26: CN Stage 2,CN,Jul 9 - Aug 23,2026-07-29,Summit,FunPlus Phoenix,3,7,30.0%,10,Life,Jett,1.16,283.7,14.8,9.7,9.1,156.3
ONGOING,VCT 26: CN Stage 2,CN,Jul 9 - Aug 23,2026-07-29,Summit,FunPlus Phoenix,3,7,30.0%,10,BerYi,Omen,1.12,160.2,20.3,13.0,8.7,171.7
ONGOING,VCT 26: CN Stage 2,CN,Jul 9 - Aug 23,2026-07-29,Summit,FunPlus Phoenix,3,7,30.0%,10,AAAAY,Sova,1.26,195.7,18.2,9.5,8.9,192.1
ONGOING,VCT 26: CN Stage 2,CN,Jul 9 - Aug 23,2026-07-29,Summit,FunPlus Phoenix,3,7,30.0%,10,Autumn,Killjoy,1.43,303.6,13.6,9.6,8.8,135.8
ONGOING,VCT 26: CN Stage 2,CN,Jul 9 - Aug 23,2026-07-29,Summit,FunPlus Phoenix,3,7,30.0%,10,Lysoar,Viper,1.34,165.6,21.1,16.3,8.0,191.8
ONGOING,VCT 26: CN Stage 2,CN,Jul 9 - Aug 23,2026-07-28,Sunset,EDward Gaming,7,2,77.8%,9,ZmjjKK,Jett,0.83,297.1,20.3,11.4,3.0,129.7
ONGOING,VCT 26: CN Stage 2,CN,Jul 9 - Aug 23,2026-07-28,Sunset,EDward Gaming,7,2,77.8%,9,CHICO,Sova,1.24,264.7,10.1,11.8,4.0,122.9
ONGOING,VCT 26: CN Stage 2,CN,Jul 9 - Aug 23,2026-07-28,Sunset,EDward Gaming,7,2,77.8%,9,nobody,Fade,1.08,207.3,17.3,11.9,7.0,169.9
ONGOING,VCT 26: CN Stage 2,CN,Jul 9 - Aug 23,2026-07-28,Sunset,EDward Gaming,7,2,77.8%,9,Haodong,Omen,0.7,177.0,17.3,13.4,6.5,139.0
ONGOING,VCT 26: CN Stage 2,CN,Jul 9 - Aug 23,2026-07-28,Sunset,EDward Gaming,7,2,77.8%,9,Smoggy,Viper,1.08,147.7,15.3,15.9,2.9,186.1
ONGOING,VCT 26: CN Stage 2,CN,Jul 9 - Aug 23,2026-07-27,Sunset,FunPlus Phoenix,4,5,44.4%,9,Life,Jett,0.92,161.9,8.9,11.8,6.2,95.2
ONGOING,VCT 26: CN Stage 2,CN,Jul 9 - Aug 23,2026-07-27,Sunset,FunPlus Phoenix,4,5,44.4%,9,BerYi,Omen,1.27,169.6,19.3,16.7,3.2,188.0
ONGOING,VCT 26: CN Stage 2,CN,Jul 9 - Aug 23,2026-07-27,Sunset,FunPlus Phoenix,4,5,44.4%,9,AAAAY,Sova,0.72,125.8,19.4,11.2,2.4,142.4
ONGOING,VCT 26: CN Stage 2,CN,Jul 9 - Aug 23,2026-07-27,Sunset,FunPlus Phoenix,4,5,44.4%,9,Autumn,Killjoy,1.23,171.0,8.3,10.5,9.8,89.9
ONGOING,VCT 26: CN Stage 2,CN,Jul 9 - Aug 23,2026-07-27,Sunset,FunPlus Phoenix,4,5,44.4%,9,Lysoar,Viper,1.07,148.3,14.0,14.7,4.7,173.9
ONGOING,VCT 26: CN Stage 2,CN,Jul 9 - Aug 23,2026-08-02,Abyss,EDward Gaming,8,1,88.9%,9,ZmjjKK,Jett,1.27,275.0,21.9,15.0,5.8,108.2
ONGOING,VCT 26: CN Stage 2,CN,Jul 9 - Aug 23,2026-08-02,Abyss,EDward Gaming,8,1,88.9%,9,CHICO,Sova,1.39,309.1,14.4,16.5,2.7,149.8
ONGOING,VCT 26: CN Stage 2,CN,Jul 9 - Aug 23,2026-08-02,Abyss,EDward Gaming,8,1,88.9%,9,nobody,Fade,1.0,132.0,20.6,11.3,5.7,149.8
ONGOING,VCT 26: CN Stage 2,CN,Jul 9 - Aug 23,2026-08-02,Abyss,EDward Gaming,8,1,88.9%,9,Haodong,Omen,1.2,206.2,15.8,16.5,2.8,187.2
ONGOING,VCT 26: CN Stage 2,CN,Jul 9 - Aug 23,2026-08-02,Abyss,EDward Gaming,8,1,88.9%,9,Smoggy,Viper,0.86,309.0,23.4,10.6,5.2,101.0
ONGOING,VCT 26: CN Stage 2,CN,Jul 9 - Aug 23,2026-07-29,Abyss,FunPlus Phoenix,0,6,0.0%,6,Life,Jett,0.75,220.3,8.9,12.6,9.4,120.9
ONGOING,VCT 26: CN Stage 2,CN,Jul 9 - Aug 23,2026-07-29,Abyss,FunPlus Phoenix,0,6,0.0%,6,BerYi,Omen,1.29,248.0,16.2,9.3,2.9,91.8
ONGOING,VCT 26: CN Stage 2,CN,Jul 9 - Aug 23,2026-07-29,Abyss,FunPlus Phoenix,0,6,0.0%,6,AAAAY,Sova,0.88,283.7,12.9,17.3,9.3,204.5
ONGOING,VCT 26: CN Stage 2,CN,Jul 9 - Aug 23,2026-07-29,Abyss,FunPlus Phoenix,0,6,0.0%,6,Autumn,Killjoy,1.08,123.1,11.1,11.7,6.3,97.5
ONGOING,VCT 26: CN Stage 2,CN,Jul 9 - Aug 23,2026-07-29,Abyss,FunPlus Phoenix,0,6,0.0%,6,Lysoar,Viper,1.3,183.3,8.8,17.9,4.8,142.5
ONGOING,GC 26: EMEA Stage 3,EMEA,Jul 20,2026-07-25,Ascent,G2 Gozen,10,6,62.5%,16,mimi,Sova,1.2,221.5,17.9,9.1,7.5,179.8
ONGOING,GC 26: EMEA Stage 3,EMEA,Jul 20,2026-07-25,Ascent,G2 Gozen,10,6,62.5%,16,petra,Fade,1.35,142.0,17.4,10.1,5.6,203.5
ONGOING,GC 26: EMEA Stage 3,EMEA,Jul 20,2026-07-25,Ascent,G2 Gozen,10,6,62.5%,16,roxi,Omen,1.43,185.1,10.6,16.5,5.0,114.7
ONGOING,GC 26: EMEA Stage 3,EMEA,Jul 20,2026-07-25,Ascent,G2 Gozen,10,6,62.5%,16,rezia,Killjoy,1.29,162.8,11.3,11.1,6.5,165.9
ONGOING,GC 26: EMEA Stage 3,EMEA,Jul 20,2026-07-25,Ascent,G2 Gozen,10,6,62.5%,16,Vania,Viper,1.09,132.1,19.1,14.8,9.3,142.9
ONGOING,GC 26: EMEA Stage 3,EMEA,Jul 20,2026-07-24,Bind,G2 Gozen,2,0,100.0%,2,mimi,Sova,1.21,144.3,18.3,15.7,6.6,136.3
ONGOING,GC 26: EMEA Stage 3,EMEA,Jul 20,2026-07-24,Bind,G2 Gozen,2,0,100.0%,2,petra,Fade,0.83,199.6,9.3,16.3,9.9,129.2
ONGOING,GC 26: EMEA Stage 3,EMEA,Jul 20,2026-07-24,Bind,G2 Gozen,2,0,100.0%,2,roxi,Omen,0.85,193.0,17.8,9.3,4.3,187.3
ONGOING,GC 26: EMEA Stage 3,EMEA,Jul 20,2026-07-24,Bind,G2 Gozen,2,0,100.0%,2,rezia,Killjoy,1.2,271.1,16.8,14.5,2.8,178.9
ONGOING,GC 26: EMEA Stage 3,EMEA,Jul 20,2026-07-24,Bind,G2 Gozen,2,0,100.0%,2,Vania,Viper,1.12,134.1,18.3,9.7,3.5,194.0
ONGOING,GC 26: EMEA Stage 3,EMEA,Jul 20,2026-08-08,Breeze,G2 Gozen,5,6,45.5%,11,mimi,Sova,1.03,274.9,14.6,17.1,6.5,196.3
ONGOING,GC 26: EMEA Stage 3,EMEA,Jul 20,2026-08-08,Breeze,G2 Gozen,5,6,45.5%,11,petra,Fade,0.77,197.1,19.8,12.1,7.3,149.1
ONGOING,GC 26: EMEA Stage 3,EMEA,Jul 20,2026-08-08,Breeze,G2 Gozen,5,6,45.5%,11,roxi,Omen,0.99,205.3,23.8,18.0,6.9,129.5
ONGOING,GC 26: EMEA Stage 3,EMEA,Jul 20,2026-08-08,Breeze,G2 Gozen,5,6,45.5%,11,rezia,Killjoy,1.03,138.3,15.3,17.8,6.7,98.7
ONGOING,GC 26: EMEA Stage 3,EMEA,Jul 20,2026-08-08,Breeze,G2 Gozen,5,6,45.5%,11,Vania,Viper,0.8,271.8,10.1,16.7,9.6,137.3
ONGOING,GC 26: EMEA Stage 3,EMEA,Jul 20,2026-07-28,Corrode,G2 Gozen,2,6,25.0%,8,mimi,Sova,1.22,193.7,23.8,9.2,5.6,136.0
ONGOING,GC 26: EMEA Stage 3,EMEA,Jul 20,2026-07-28,Corrode,G2 Gozen,2,6,25.0%,8,petra,Fade,1.04,225.4,9.9,12.2,7.1,165.9
ONGOING,GC 26: EMEA Stage 3,EMEA,Jul 20,2026-07-28,Corrode,G2 Gozen,2,6,25.0%,8,roxi,Omen,0.94,225.4,17.2,16.8,2.4,198.5
ONGOING,GC 26: EMEA Stage 3,EMEA,Jul 20,2026-07-28,Corrode,G2 Gozen,2,6,25.0%,8,rezia,Killjoy,1.07,251.3,13.6,17.2,4.5,196.4
ONGOING,GC 26: EMEA Stage 3,EMEA,Jul 20,2026-07-28,Corrode,G2 Gozen,2,6,25.0%,8,Vania,Viper,0.71,134.5,21.3,11.5,2.8,143.7
ONGOING,GC 26: EMEA Stage 3,EMEA,Jul 20,2026-08-08,Fracture,G2 Gozen,10,6,62.5%,16,mimi,Sova,1.29,262.3,13.4,11.0,3.1,179.5
ONGOING,GC 26: EMEA Stage 3,EMEA,Jul 20,2026-08-08,Fracture,G2 Gozen,10,6,62.5%,16,petra,Fade,1.21,141.0,18.1,9.2,8.4,175.1
ONGOING,GC 26: EMEA Stage 3,EMEA,Jul 20,2026-08-08,Fracture,G2 Gozen,10,6,62.5%,16,roxi,Omen,0.8,137.7,18.4,14.2,2.0,145.5
ONGOING,GC 26: EMEA Stage 3,EMEA,Jul 20,2026-08-08,Fracture,G2 Gozen,10,6,62.5%,16,rezia,Killjoy,0.84,263.8,10.9,14.3,5.0,102.4
ONGOING,GC 26: EMEA Stage 3,EMEA,Jul 20,2026-08-08,Fracture,G2 Gozen,10,6,62.5%,16,Vania,Viper,1.08,147.1,20.1,10.2,2.2,200.9
ONGOING,GC 26: EMEA Stage 3,EMEA,Jul 20,2026-07-30,Haven,G2 Gozen,9,4,69.2%,13,mimi,Sova,1.08,252.3,14.8,10.9,6.6,199.1
ONGOING,GC 26: EMEA Stage 3,EMEA,Jul 20,2026-07-30,Haven,G2 Gozen,9,4,69.2%,13,petra,Fade,1.13,130.6,13.5,10.1,6.8,100.4
ONGOING,GC 26: EMEA Stage 3,EMEA,Jul 20,2026-07-30,Haven,G2 Gozen,9,4,69.2%,13,roxi,Omen,0.85,261.9,16.3,9.7,9.6,150.9
ONGOING,GC 26: EMEA Stage 3,EMEA,Jul 20,2026-07-30,Haven,G2 Gozen,9,4,69.2%,13,rezia,Killjoy,1.09,174.4,22.5,17.8,4.4,200.3
ONGOING,GC 26: EMEA Stage 3,EMEA,Jul 20,2026-07-30,Haven,G2 Gozen,9,4,69.2%,13,Vania,Viper,0.85,190.9,23.9,15.3,2.1,95.4
ONGOING,GC 26: EMEA Stage 3,EMEA,Jul 20,2026-08-05,Icebox,G2 Gozen,7,5,58.3%,12,mimi,Sova,0.68,141.1,11.1,17.9,2.2,108.8
ONGOING,GC 26: EMEA Stage 3,EMEA,Jul 20,2026-08-05,Icebox,G2 Gozen,7,5,58.3%,12,petra,Fade,1.09,189.2,10.7,17.5,3.8,86.0
ONGOING,GC 26: EMEA Stage 3,EMEA,Jul 20,2026-08-05,Icebox,G2 Gozen,7,5,58.3%,12,roxi,Omen,0.71,262.1,8.8,12.6,3.9,94.7
ONGOING,GC 26: EMEA Stage 3,EMEA,Jul 20,2026-08-05,Icebox,G2 Gozen,7,5,58.3%,12,rezia,Killjoy,1.16,215.1,8.1,12.4,4.0,145.5
ONGOING,GC 26: EMEA Stage 3,EMEA,Jul 20,2026-08-05,Icebox,G2 Gozen,7,5,58.3%,12,Vania,Viper,0.78,129.0,22.0,14.5,5.9,149.9
ONGOING,GC 26: EMEA Stage 3,EMEA,Jul 20,2026-07-24,Lotus,G2 Gozen,8,9,47.1%,17,mimi,Sova,1.15,223.1,22.6,12.3,3.4,92.1
ONGOING,GC 26: EMEA Stage 3,EMEA,Jul 20,2026-07-24,Lotus,G2 Gozen,8,9,47.1%,17,petra,Fade,1.15,195.0,18.2,12.2,8.4,131.7
ONGOING,GC 26: EMEA Stage 3,EMEA,Jul 20,2026-07-24,Lotus,G2 Gozen,8,9,47.1%,17,roxi,Omen,0.94,272.5,21.4,10.9,9.5,153.7
ONGOING,GC 26: EMEA Stage 3,EMEA,Jul 20,2026-07-24,Lotus,G2 Gozen,8,9,47.1%,17,rezia,Killjoy,0.95,195.2,19.4,16.5,7.8,88.9
ONGOING,GC 26: EMEA Stage 3,EMEA,Jul 20,2026-07-24,Lotus,G2 Gozen,8,9,47.1%,17,Vania,Viper,0.96,288.2,8.1,16.4,6.0,102.3
ONGOING,GC 26: EMEA Stage 3,EMEA,Jul 20,2026-08-07,Pearl,G2 Gozen,5,6,45.5%,11,mimi,Sova,0.92,209.1,17.2,17.8,3.6,105.8
ONGOING,GC 26: EMEA Stage 3,EMEA,Jul 20,2026-08-07,Pearl,G2 Gozen,5,6,45.5%,11,petra,Fade,0.74,227.8,12.2,15.0,6.2,91.2
ONGOING,GC 26: EMEA Stage 3,EMEA,Jul 20,2026-08-07,Pearl,G2 Gozen,5,6,45.5%,11,roxi,Omen,1.21,195.5,18.2,16.0,5.4,195.4
ONGOING,GC 26: EMEA Stage 3,EMEA,Jul 20,2026-08-07,Pearl,G2 Gozen,5,6,45.5%,11,rezia,Killjoy,1.34,195.8,9.3,15.7,2.4,90.9
ONGOING,GC 26: EMEA Stage 3,EMEA,Jul 20,2026-08-07,Pearl,G2 Gozen,5,6,45.5%,11,Vania,Viper,0.99,175.4,17.3,12.9,5.1,107.8
ONGOING,GC 26: EMEA Stage 3,EMEA,Jul 20,2026-08-08,Split,G2 Gozen,10,1,90.9%,11,mimi,Sova,1.04,290.2,9.7,16.1,2.6,164.0
ONGOING,GC 26: EMEA Stage 3,EMEA,Jul 20,2026-08-08,Split,G2 Gozen,10,1,90.9%,11,petra,Fade,0.91,204.8,13.4,10.4,9.2,174.5
ONGOING,GC 26: EMEA Stage 3,EMEA,Jul 20,2026-08-08,Split,G2 Gozen,10,1,90.9%,11,roxi,Omen,1.08,217.5,11.8,9.5,5.6,161.3
ONGOING,GC 26: EMEA Stage 3,EMEA,Jul 20,2026-08-08,Split,G2 Gozen,10,1,90.9%,11,rezia,Killjoy,1.14,188.5,15.6,11.0,5.8,116.7
ONGOING,GC 26: EMEA Stage 3,EMEA,Jul 20,2026-08-08,Split,G2 Gozen,10,1,90.9%,11,Vania,Viper,0.82,166.6,17.0,14.7,3.6,120.3
ONGOING,GC 26: EMEA Stage 3,EMEA,Jul 20,2026-07-26,Summit,G2 Gozen,1,2,33.3%,3,mimi,Sova,1.13,243.1,15.3,14.0,2.8,106.7
ONGOING,GC 26: EMEA Stage 3,EMEA,Jul 20,2026-07-26,Summit,G2 Gozen,1,2,33.3%,3,petra,Fade,1.39,125.4,15.1,9.1,3.2,196.3
ONGOING,GC 26: EMEA Stage 3,EMEA,Jul 20,2026-07-26,Summit,G2 Gozen,1,2,33.3%,3,roxi,Omen,1.04,233.4,13.3,12.6,9.4,159.0
ONGOING,GC 26: EMEA Stage 3,EMEA,Jul 20,2026-07-26,Summit,G2 Gozen,1,2,33.3%,3,rezia,Killjoy,0.84,258.2,19.6,11.7,7.5,198.9
ONGOING,GC 26: EMEA Stage 3,EMEA,Jul 20,2026-07-26,Summit,G2 Gozen,1,2,33.3%,3,Vania,Viper,1.05,270.9,11.9,10.4,5.4,181.4
ONGOING,GC 26: EMEA Stage 3,EMEA,Jul 20,2026-07-25,Sunset,G2 Gozen,0,7,0.0%,7,mimi,Sova,0.69,129.1,19.5,9.3,2.2,109.8
ONGOING,GC 26: EMEA Stage 3,EMEA,Jul 20,2026-07-25,Sunset,G2 Gozen,0,7,0.0%,7,petra,Fade,1.39,293.5,13.7,13.3,2.7,100.3
ONGOING,GC 26: EMEA Stage 3,EMEA,Jul 20,2026-07-25,Sunset,G2 Gozen,0,7,0.0%,7,roxi,Omen,1.18,242.4,18.9,10.7,3.4,91.3
ONGOING,GC 26: EMEA Stage 3,EMEA,Jul 20,2026-07-25,Sunset,G2 Gozen,0,7,0.0%,7,rezia,Killjoy,0.99,137.3,13.9,14.8,5.3,85.5
ONGOING,GC 26: EMEA Stage 3,EMEA,Jul 20,2026-07-25,Sunset,G2 Gozen,0,7,0.0%,7,Vania,Viper,0.9,268.3,20.6,12.4,2.5,138.2
ONGOING,GC 26: EMEA Stage 3,EMEA,Jul 20,2026-07-24,Abyss,G2 Gozen,3,1,75.0%,4,mimi,Sova,0.86,220.5,18.3,11.3,7.4,187.9
ONGOING,GC 26: EMEA Stage 3,EMEA,Jul 20,2026-07-24,Abyss,G2 Gozen,3,1,75.0%,4,petra,Fade,1.2,155.1,11.0,17.0,9.1,196.4
ONGOING,GC 26: EMEA Stage 3,EMEA,Jul 20,2026-07-24,Abyss,G2 Gozen,3,1,75.0%,4,roxi,Omen,0.68,121.4,19.3,12.9,5.4,105.6
ONGOING,GC 26: EMEA Stage 3,EMEA,Jul 20,2026-07-24,Abyss,G2 Gozen,3,1,75.0%,4,rezia,Killjoy,0.96,151.3,12.4,15.3,3.0,200.5
ONGOING,GC 26: EMEA Stage 3,EMEA,Jul 20,2026-07-24,Abyss,G2 Gozen,3,1,75.0%,4,Vania,Viper,1.07,254.0,15.1,17.3,7.2,175.4
ONGOING,GC 26: NA Stage 2,AMER,Jun 16 - Sep 17,2026-08-06,Ascent,Shopify Rebellion GC,8,10,44.4%,18,floescent,Jett,1.04,203.3,23.4,10.9,4.0,115.8
ONGOING,GC 26: NA Stage 2,AMER,Jun 16 - Sep 17,2026-08-06,Ascent,Shopify Rebellion GC,8,10,44.4%,18,meL,Controller,0.79,304.2,21.6,16.1,4.7,134.4
ONGOING,GC 26: NA Stage 2,AMER,Jun 16 - Sep 17,2026-08-06,Ascent,Shopify Rebellion GC,8,10,44.4%,18,alexis,Initiator,1.32,134.3,21.6,13.3,7.6,112.7
ONGOING,GC 26: NA Stage 2,AMER,Jun 16 - Sep 17,2026-08-06,Ascent,Shopify Rebellion GC,8,10,44.4%,18,sarah,Sentinel,1.13,182.4,22.2,12.4,9.9,87.9
ONGOING,GC 26: NA Stage 2,AMER,Jun 16 - Sep 17,2026-08-06,Ascent,Shopify Rebellion GC,8,10,44.4%,18,Noia,Flex,1.33,189.9,23.8,12.3,5.9,114.5
ONGOING,GC 26: NA Stage 2,AMER,Jun 16 - Sep 17,2026-07-27,Bind,Shopify Rebellion GC,5,0,100.0%,5,floescent,Jett,1.07,290.0,22.3,10.0,9.3,195.6
ONGOING,GC 26: NA Stage 2,AMER,Jun 16 - Sep 17,2026-07-27,Bind,Shopify Rebellion GC,5,0,100.0%,5,meL,Controller,0.71,260.4,14.8,10.1,4.0,139.6
ONGOING,GC 26: NA Stage 2,AMER,Jun 16 - Sep 17,2026-07-27,Bind,Shopify Rebellion GC,5,0,100.0%,5,alexis,Initiator,1.26,215.6,11.6,10.6,6.6,156.3
ONGOING,GC 26: NA Stage 2,AMER,Jun 16 - Sep 17,2026-07-27,Bind,Shopify Rebellion GC,5,0,100.0%,5,sarah,Sentinel,0.89,166.4,19.5,11.3,2.8,105.6
ONGOING,GC 26: NA Stage 2,AMER,Jun 16 - Sep 17,2026-07-27,Bind,Shopify Rebellion GC,5,0,100.0%,5,Noia,Flex,1.34,297.2,23.9,15.5,6.4,117.6
ONGOING,GC 26: NA Stage 2,AMER,Jun 16 - Sep 17,2026-08-05,Breeze,Shopify Rebellion GC,4,0,100.0%,4,floescent,Jett,1.28,230.7,8.4,14.4,9.7,139.5
ONGOING,GC 26: NA Stage 2,AMER,Jun 16 - Sep 17,2026-08-05,Breeze,Shopify Rebellion GC,4,0,100.0%,4,meL,Controller,0.69,180.2,10.7,15.1,7.5,173.7
ONGOING,GC 26: NA Stage 2,AMER,Jun 16 - Sep 17,2026-08-05,Breeze,Shopify Rebellion GC,4,0,100.0%,4,alexis,Initiator,1.42,190.3,9.1,11.4,9.2,121.7
ONGOING,GC 26: NA Stage 2,AMER,Jun 16 - Sep 17,2026-08-05,Breeze,Shopify Rebellion GC,4,0,100.0%,4,sarah,Sentinel,1.13,278.6,12.2,9.2,6.5,147.5
ONGOING,GC 26: NA Stage 2,AMER,Jun 16 - Sep 17,2026-08-05,Breeze,Shopify Rebellion GC,4,0,100.0%,4,Noia,Flex,1.11,131.0,14.5,11.0,9.7,110.0
ONGOING,GC 26: NA Stage 2,AMER,Jun 16 - Sep 17,2026-07-30,Corrode,Shopify Rebellion GC,1,6,14.3%,7,floescent,Jett,1.1,292.2,12.2,10.3,9.2,130.2
ONGOING,GC 26: NA Stage 2,AMER,Jun 16 - Sep 17,2026-07-30,Corrode,Shopify Rebellion GC,1,6,14.3%,7,meL,Controller,1.19,196.7,10.8,16.3,4.9,95.5
ONGOING,GC 26: NA Stage 2,AMER,Jun 16 - Sep 17,2026-07-30,Corrode,Shopify Rebellion GC,1,6,14.3%,7,alexis,Initiator,0.92,180.0,17.5,9.2,3.3,111.4
ONGOING,GC 26: NA Stage 2,AMER,Jun 16 - Sep 17,2026-07-30,Corrode,Shopify Rebellion GC,1,6,14.3%,7,sarah,Sentinel,1.38,196.0,9.1,10.4,9.7,177.1
ONGOING,GC 26: NA Stage 2,AMER,Jun 16 - Sep 17,2026-07-30,Corrode,Shopify Rebellion GC,1,6,14.3%,7,Noia,Flex,0.87,237.4,8.0,13.1,6.6,200.6
ONGOING,GC 26: NA Stage 2,AMER,Jun 16 - Sep 17,2026-07-24,Fracture,Shopify Rebellion GC,4,4,50.0%,8,floescent,Jett,0.82,192.5,13.6,17.9,2.8,169.9
ONGOING,GC 26: NA Stage 2,AMER,Jun 16 - Sep 17,2026-07-24,Fracture,Shopify Rebellion GC,4,4,50.0%,8,meL,Controller,0.94,153.3,14.2,16.5,2.8,117.3
ONGOING,GC 26: NA Stage 2,AMER,Jun 16 - Sep 17,2026-07-24,Fracture,Shopify Rebellion GC,4,4,50.0%,8,alexis,Initiator,0.67,260.6,17.4,11.3,6.4,89.5
ONGOING,GC 26: NA Stage 2,AMER,Jun 16 - Sep 17,2026-07-24,Fracture,Shopify Rebellion GC,4,4,50.0%,8,sarah,Sentinel,1.4,156.5,18.5,17.9,8.0,177.9
ONGOING,GC 26: NA Stage 2,AMER,Jun 16 - Sep 17,2026-07-24,Fracture,Shopify Rebellion GC,4,4,50.0%,8,Noia,Flex,1.3,222.9,17.5,17.1,3.4,98.9
ONGOING,GC 26: NA Stage 2,AMER,Jun 16 - Sep 17,2026-07-28,Haven,Shopify Rebellion GC,2,7,22.2%,9,floescent,Jett,0.94,179.8,20.8,15.9,4.3,106.0
ONGOING,GC 26: NA Stage 2,AMER,Jun 16 - Sep 17,2026-07-28,Haven,Shopify Rebellion GC,2,7,22.2%,9,meL,Controller,1.3,189.7,16.1,9.9,5.6,85.8
ONGOING,GC 26: NA Stage 2,AMER,Jun 16 - Sep 17,2026-07-28,Haven,Shopify Rebellion GC,2,7,22.2%,9,alexis,Initiator,1.23,258.0,20.3,16.3,5.7,109.0
ONGOING,GC 26: NA Stage 2,AMER,Jun 16 - Sep 17,2026-07-28,Haven,Shopify Rebellion GC,2,7,22.2%,9,sarah,Sentinel,1.29,197.8,19.1,9.2,5.1,198.6
ONGOING,GC 26: NA Stage 2,AMER,Jun 16 - Sep 17,2026-07-28,Haven,Shopify Rebellion GC,2,7,22.2%,9,Noia,Flex,1.23,230.7,18.9,13.4,7.3,100.7
ONGOING,GC 26: NA Stage 2,AMER,Jun 16 - Sep 17,2026-08-04,Icebox,Shopify Rebellion GC,1,2,33.3%,3,floescent,Jett,1.16,216.9,18.2,14.9,3.0,104.9
ONGOING,GC 26: NA Stage 2,AMER,Jun 16 - Sep 17,2026-08-04,Icebox,Shopify Rebellion GC,1,2,33.3%,3,meL,Controller,1.16,163.7,22.2,11.0,3.5,146.3
ONGOING,GC 26: NA Stage 2,AMER,Jun 16 - Sep 17,2026-08-04,Icebox,Shopify Rebellion GC,1,2,33.3%,3,alexis,Initiator,1.27,226.5,16.2,17.7,7.1,102.1
ONGOING,GC 26: NA Stage 2,AMER,Jun 16 - Sep 17,2026-08-04,Icebox,Shopify Rebellion GC,1,2,33.3%,3,sarah,Sentinel,1.42,191.3,22.3,9.2,2.4,108.6
ONGOING,GC 26: NA Stage 2,AMER,Jun 16 - Sep 17,2026-08-04,Icebox,Shopify Rebellion GC,1,2,33.3%,3,Noia,Flex,0.96,274.1,11.3,17.1,8.4,198.2
ONGOING,GC 26: NA Stage 2,AMER,Jun 16 - Sep 17,2026-07-28,Lotus,Shopify Rebellion GC,10,4,71.4%,14,floescent,Jett,0.67,197.4,8.4,12.7,7.6,195.1
ONGOING,GC 26: NA Stage 2,AMER,Jun 16 - Sep 17,2026-07-28,Lotus,Shopify Rebellion GC,10,4,71.4%,14,meL,Controller,0.97,203.3,15.0,10.4,5.2,152.4
ONGOING,GC 26: NA Stage 2,AMER,Jun 16 - Sep 17,2026-07-28,Lotus,Shopify Rebellion GC,10,4,71.4%,14,alexis,Initiator,1.18,186.4,8.4,13.7,2.7,178.7
ONGOING,GC 26: NA Stage 2,AMER,Jun 16 - Sep 17,2026-07-28,Lotus,Shopify Rebellion GC,10,4,71.4%,14,sarah,Sentinel,1.18,249.7,20.0,15.7,8.2,171.9
ONGOING,GC 26: NA Stage 2,AMER,Jun 16 - Sep 17,2026-07-28,Lotus,Shopify Rebellion GC,10,4,71.4%,14,Noia,Flex,0.82,125.1,20.5,11.5,3.5,180.0
ONGOING,GC 26: NA Stage 2,AMER,Jun 16 - Sep 17,2026-08-02,Pearl,Shopify Rebellion GC,5,7,41.7%,12,floescent,Jett,1.06,184.5,8.2,16.8,6.7,196.0
ONGOING,GC 26: NA Stage 2,AMER,Jun 16 - Sep 17,2026-08-02,Pearl,Shopify Rebellion GC,5,7,41.7%,12,meL,Controller,0.82,171.2,12.8,9.8,3.8,135.5
ONGOING,GC 26: NA Stage 2,AMER,Jun 16 - Sep 17,2026-08-02,Pearl,Shopify Rebellion GC,5,7,41.7%,12,alexis,Initiator,1.06,120.9,10.2,16.3,8.8,190.7
ONGOING,GC 26: NA Stage 2,AMER,Jun 16 - Sep 17,2026-08-02,Pearl,Shopify Rebellion GC,5,7,41.7%,12,sarah,Sentinel,1.12,267.7,16.2,10.4,3.0,200.5
ONGOING,GC 26: NA Stage 2,AMER,Jun 16 - Sep 17,2026-08-02,Pearl,Shopify Rebellion GC,5,7,41.7%,12,Noia,Flex,0.99,250.4,9.3,16.9,4.4,122.9
ONGOING,GC 26: NA Stage 2,AMER,Jun 16 - Sep 17,2026-07-29,Split,Shopify Rebellion GC,0,7,0.0%,7,floescent,Jett,1.15,227.5,19.6,16.8,9.9,146.1
ONGOING,GC 26: NA Stage 2,AMER,Jun 16 - Sep 17,2026-07-29,Split,Shopify Rebellion GC,0,7,0.0%,7,meL,Controller,0.8,134.2,8.6,9.9,4.1,160.8
ONGOING,GC 26: NA Stage 2,AMER,Jun 16 - Sep 17,2026-07-29,Split,Shopify Rebellion GC,0,7,0.0%,7,alexis,Initiator,1.43,128.3,13.3,13.6,6.2,152.4
ONGOING,GC 26: NA Stage 2,AMER,Jun 16 - Sep 17,2026-07-29,Split,Shopify Rebellion GC,0,7,0.0%,7,sarah,Sentinel,0.99,217.0,17.1,11.0,7.4,144.1
ONGOING,GC 26: NA Stage 2,AMER,Jun 16 - Sep 17,2026-07-29,Split,Shopify Rebellion GC,0,7,0.0%,7,Noia,Flex,1.27,195.7,13.7,13.2,6.4,120.8
ONGOING,GC 26: NA Stage 2,AMER,Jun 16 - Sep 17,2026-07-26,Summit,Shopify Rebellion GC,3,0,100.0%,3,floescent,Jett,1.45,221.4,9.3,18.0,8.3,162.9
ONGOING,GC 26: NA Stage 2,AMER,Jun 16 - Sep 17,2026-07-26,Summit,Shopify Rebellion GC,3,0,100.0%,3,meL,Controller,0.96,273.9,17.5,12.0,9.1,110.6
ONGOING,GC 26: NA Stage 2,AMER,Jun 16 - Sep 17,2026-07-26,Summit,Shopify Rebellion GC,3,0,100.0%,3,alexis,Initiator,1.13,227.7,11.2,14.6,5.6,190.8
ONGOING,GC 26: NA Stage 2,AMER,Jun 16 - Sep 17,2026-07-26,Summit,Shopify Rebellion GC,3,0,100.0%,3,sarah,Sentinel,1.11,192.4,22.3,14.1,4.0,139.0
ONGOING,GC 26: NA Stage 2,AMER,Jun 16 - Sep 17,2026-07-26,Summit,Shopify Rebellion GC,3,0,100.0%,3,Noia,Flex,0.77,186.2,22.2,16.5,7.4,100.2
ONGOING,GC 26: NA Stage 2,AMER,Jun 16 - Sep 17,2026-08-03,Sunset,Shopify Rebellion GC,0,9,0.0%,9,floescent,Jett,0.76,289.7,19.0,9.4,6.2,203.7
ONGOING,GC 26: NA Stage 2,AMER,Jun 16 - Sep 17,2026-08-03,Sunset,Shopify Rebellion GC,0,9,0.0%,9,meL,Controller,0.95,190.0,9.6,13.9,4.7,176.6
ONGOING,GC 26: NA Stage 2,AMER,Jun 16 - Sep 17,2026-08-03,Sunset,Shopify Rebellion GC,0,9,0.0%,9,alexis,Initiator,0.94,255.0,16.8,14.5,4.7,181.2
ONGOING,GC 26: NA Stage 2,AMER,Jun 16 - Sep 17,2026-08-03,Sunset,Shopify Rebellion GC,0,9,0.0%,9,sarah,Sentinel,1.36,290.8,21.8,15.7,7.2,119.4
ONGOING,GC 26: NA Stage 2,AMER,Jun 16 - Sep 17,2026-08-03,Sunset,Shopify Rebellion GC,0,9,0.0%,9,Noia,Flex,0.72,187.5,15.1,12.7,3.5,115.7
ONGOING,GC 26: NA Stage 2,AMER,Jun 16 - Sep 17,2026-08-04,Abyss,Shopify Rebellion GC,5,3,62.5%,8,floescent,Jett,1.29,127.4,13.9,14.1,3.8,162.2
ONGOING,GC 26: NA Stage 2,AMER,Jun 16 - Sep 17,2026-08-04,Abyss,Shopify Rebellion GC,5,3,62.5%,8,meL,Controller,1.37,181.0,19.1,14.2,2.9,120.3
ONGOING,GC 26: NA Stage 2,AMER,Jun 16 - Sep 17,2026-08-04,Abyss,Shopify Rebellion GC,5,3,62.5%,8,alexis,Initiator,1.04,155.7,13.6,12.1,4.4,175.8
ONGOING,GC 26: NA Stage 2,AMER,Jun 16 - Sep 17,2026-08-04,Abyss,Shopify Rebellion GC,5,3,62.5%,8,sarah,Sentinel,0.97,280.0,10.7,14.3,9.2,108.4
ONGOING,GC 26: NA Stage 2,AMER,Jun 16 - Sep 17,2026-08-04,Abyss,Shopify Rebellion GC,5,3,62.5%,8,Noia,Flex,1.05,195.4,13.6,13.7,7.6,157.3
ONGOING,GC 26: LATAM Main Event,AMER,Aug 3,2026-08-04,Ascent,KRÜ BLAZE,5,3,62.5%,8,conddi,Jett,1.1,124.6,18.4,15.2,9.7,193.1
ONGOING,GC 26: LATAM Main Event,AMER,Aug 3,2026-08-04,Ascent,KRÜ BLAZE,5,3,62.5%,8,kalita,Initiator,0.74,288.1,23.6,15.5,3.4,93.7
ONGOING,GC 26: LATAM Main Event,AMER,Aug 3,2026-08-04,Ascent,KRÜ BLAZE,5,3,62.5%,8,romi,Sentinel,1.25,122.2,11.9,12.9,6.1,171.2
ONGOING,GC 26: LATAM Main Event,AMER,Aug 3,2026-08-04,Ascent,KRÜ BLAZE,5,3,62.5%,8,micaela,Controller,1.4,183.9,22.7,12.5,7.6,148.7
ONGOING,GC 26: LATAM Main Event,AMER,Aug 3,2026-08-04,Ascent,KRÜ BLAZE,5,3,62.5%,8,pepa,Flex,0.88,123.0,20.1,15.3,9.2,179.7
ONGOING,GC 26: LATAM Main Event,AMER,Aug 3,2026-07-30,Bind,KRÜ BLAZE,9,4,69.2%,13,conddi,Jett,1.39,138.7,14.3,16.1,4.0,196.4
ONGOING,GC 26: LATAM Main Event,AMER,Aug 3,2026-07-30,Bind,KRÜ BLAZE,9,4,69.2%,13,kalita,Initiator,0.94,259.1,17.7,13.6,6.5,129.5
ONGOING,GC 26: LATAM Main Event,AMER,Aug 3,2026-07-30,Bind,KRÜ BLAZE,9,4,69.2%,13,romi,Sentinel,1.42,265.6,20.4,13.8,8.6,122.6
ONGOING,GC 26: LATAM Main Event,AMER,Aug 3,2026-07-30,Bind,KRÜ BLAZE,9,4,69.2%,13,micaela,Controller,1.28,255.1,17.4,13.5,8.7,119.0
ONGOING,GC 26: LATAM Main Event,AMER,Aug 3,2026-07-30,Bind,KRÜ BLAZE,9,4,69.2%,13,pepa,Flex,1.28,240.9,20.5,12.1,9.4,118.1
ONGOING,GC 26: LATAM Main Event,AMER,Aug 3,2026-08-01,Breeze,KRÜ BLAZE,5,7,41.7%,12,conddi,Jett,0.8,270.4,13.0,13.5,7.2,155.8
ONGOING,GC 26: LATAM Main Event,AMER,Aug 3,2026-08-01,Breeze,KRÜ BLAZE,5,7,41.7%,12,kalita,Initiator,0.94,136.1,13.7,9.7,9.9,181.8
ONGOING,GC 26: LATAM Main Event,AMER,Aug 3,2026-08-01,Breeze,KRÜ BLAZE,5,7,41.7%,12,romi,Sentinel,1.05,155.6,19.2,12.0,3.1,89.4
ONGOING,GC 26: LATAM Main Event,AMER,Aug 3,2026-08-01,Breeze,KRÜ BLAZE,5,7,41.7%,12,micaela,Controller,1.31,248.5,17.2,10.6,8.6,129.5
ONGOING,GC 26: LATAM Main Event,AMER,Aug 3,2026-08-01,Breeze,KRÜ BLAZE,5,7,41.7%,12,pepa,Flex,1.19,284.5,9.8,13.9,5.5,193.6
ONGOING,GC 26: LATAM Main Event,AMER,Aug 3,2026-07-24,Corrode,KRÜ BLAZE,0,10,0.0%,10,conddi,Jett,0.77,305.6,20.1,15.8,5.1,186.6
ONGOING,GC 26: LATAM Main Event,AMER,Aug 3,2026-07-24,Corrode,KRÜ BLAZE,0,10,0.0%,10,kalita,Initiator,0.82,249.2,9.4,10.4,9.5,182.9
ONGOING,GC 26: LATAM Main Event,AMER,Aug 3,2026-07-24,Corrode,KRÜ BLAZE,0,10,0.0%,10,romi,Sentinel,0.67,288.3,13.3,16.2,8.9,89.1
ONGOING,GC 26: LATAM Main Event,AMER,Aug 3,2026-07-24,Corrode,KRÜ BLAZE,0,10,0.0%,10,micaela,Controller,1.14,205.4,20.6,14.2,4.5,199.1
ONGOING,GC 26: LATAM Main Event,AMER,Aug 3,2026-07-24,Corrode,KRÜ BLAZE,0,10,0.0%,10,pepa,Flex,0.8,207.5,12.0,11.4,3.6,179.4
ONGOING,GC 26: LATAM Main Event,AMER,Aug 3,2026-07-28,Fracture,KRÜ BLAZE,2,3,40.0%,5,conddi,Jett,1.28,248.4,22.0,11.8,7.4,164.0
ONGOING,GC 26: LATAM Main Event,AMER,Aug 3,2026-07-28,Fracture,KRÜ BLAZE,2,3,40.0%,5,kalita,Initiator,1.16,291.0,11.2,14.7,7.7,109.6
ONGOING,GC 26: LATAM Main Event,AMER,Aug 3,2026-07-28,Fracture,KRÜ BLAZE,2,3,40.0%,5,romi,Sentinel,0.97,267.3,9.4,14.8,7.7,174.0
ONGOING,GC 26: LATAM Main Event,AMER,Aug 3,2026-07-28,Fracture,KRÜ BLAZE,2,3,40.0%,5,micaela,Controller,1.37,199.2,16.0,10.9,6.5,183.4
ONGOING,GC 26: LATAM Main Event,AMER,Aug 3,2026-07-28,Fracture,KRÜ BLAZE,2,3,40.0%,5,pepa,Flex,0.99,224.7,15.8,15.9,7.2,97.0
ONGOING,GC 26: LATAM Main Event,AMER,Aug 3,2026-08-01,Haven,KRÜ BLAZE,5,7,41.7%,12,conddi,Jett,0.91,154.2,10.2,12.0,7.6,147.1
ONGOING,GC 26: LATAM Main Event,AMER,Aug 3,2026-08-01,Haven,KRÜ BLAZE,5,7,41.7%,12,kalita,Initiator,1.29,176.6,16.8,10.9,3.8,137.9
ONGOING,GC 26: LATAM Main Event,AMER,Aug 3,2026-08-01,Haven,KRÜ BLAZE,5,7,41.7%,12,romi,Sentinel,1.05,275.6,11.4,10.4,6.2,89.9
ONGOING,GC 26: LATAM Main Event,AMER,Aug 3,2026-08-01,Haven,KRÜ BLAZE,5,7,41.7%,12,micaela,Controller,1.04,169.0,16.1,13.4,6.7,183.2
ONGOING,GC 26: LATAM Main Event,AMER,Aug 3,2026-08-01,Haven,KRÜ BLAZE,5,7,41.7%,12,pepa,Flex,1.21,307.5,20.4,10.1,5.1,185.1
ONGOING,GC 26: LATAM Main Event,AMER,Aug 3,2026-07-27,Icebox,KRÜ BLAZE,6,2,75.0%,8,conddi,Jett,1.29,191.5,20.2,9.1,3.7,98.5
ONGOING,GC 26: LATAM Main Event,AMER,Aug 3,2026-07-27,Icebox,KRÜ BLAZE,6,2,75.0%,8,kalita,Initiator,0.82,147.5,12.4,12.0,7.8,104.7
ONGOING,GC 26: LATAM Main Event,AMER,Aug 3,2026-07-27,Icebox,KRÜ BLAZE,6,2,75.0%,8,romi,Sentinel,0.78,253.0,8.2,17.5,7.2,169.7
ONGOING,GC 26: LATAM Main Event,AMER,Aug 3,2026-07-27,Icebox,KRÜ BLAZE,6,2,75.0%,8,micaela,Controller,1.1,235.0,13.1,16.4,3.8,127.0
ONGOING,GC 26: LATAM Main Event,AMER,Aug 3,2026-07-27,Icebox,KRÜ BLAZE,6,2,75.0%,8,pepa,Flex,0.78,301.9,20.8,16.8,6.2,164.7
ONGOING,GC 26: LATAM Main Event,AMER,Aug 3,2026-08-01,Lotus,KRÜ BLAZE,3,3,50.0%,6,conddi,Jett,0.69,202.0,9.2,17.4,9.5,194.5
ONGOING,GC 26: LATAM Main Event,AMER,Aug 3,2026-08-01,Lotus,KRÜ BLAZE,3,3,50.0%,6,kalita,Initiator,1.21,152.2,15.7,9.6,7.0,174.4
ONGOING,GC 26: LATAM Main Event,AMER,Aug 3,2026-08-01,Lotus,KRÜ BLAZE,3,3,50.0%,6,romi,Sentinel,1.17,187.4,13.2,9.7,5.8,138.6
ONGOING,GC 26: LATAM Main Event,AMER,Aug 3,2026-08-01,Lotus,KRÜ BLAZE,3,3,50.0%,6,micaela,Controller,0.95,299.4,10.9,12.4,4.9,139.1
ONGOING,GC 26: LATAM Main Event,AMER,Aug 3,2026-08-01,Lotus,KRÜ BLAZE,3,3,50.0%,6,pepa,Flex,1.26,140.5,15.3,13.9,7.7,204.8
ONGOING,GC 26: LATAM Main Event,AMER,Aug 3,2026-07-30,Pearl,KRÜ BLAZE,9,3,75.0%,12,conddi,Jett,1.21,176.6,23.5,10.0,7.8,89.0
ONGOING,GC 26: LATAM Main Event,AMER,Aug 3,2026-07-30,Pearl,KRÜ BLAZE,9,3,75.0%,12,kalita,Initiator,0.7,269.7,9.8,13.2,9.7,204.2
ONGOING,GC 26: LATAM Main Event,AMER,Aug 3,2026-07-30,Pearl,KRÜ BLAZE,9,3,75.0%,12,romi,Sentinel,0.94,231.7,23.3,17.0,7.1,123.4
ONGOING,GC 26: LATAM Main Event,AMER,Aug 3,2026-07-30,Pearl,KRÜ BLAZE,9,3,75.0%,12,micaela,Controller,1.4,146.3,19.4,12.7,9.0,132.1
ONGOING,GC 26: LATAM Main Event,AMER,Aug 3,2026-07-30,Pearl,KRÜ BLAZE,9,3,75.0%,12,pepa,Flex,1.13,157.3,22.0,16.6,6.6,124.8
ONGOING,GC 26: LATAM Main Event,AMER,Aug 3,2026-07-24,Split,KRÜ BLAZE,8,0,100.0%,8,conddi,Jett,0.89,167.9,9.5,16.2,7.2,92.5
ONGOING,GC 26: LATAM Main Event,AMER,Aug 3,2026-07-24,Split,KRÜ BLAZE,8,0,100.0%,8,kalita,Initiator,1.19,254.9,20.5,16.1,5.6,191.8
ONGOING,GC 26: LATAM Main Event,AMER,Aug 3,2026-07-24,Split,KRÜ BLAZE,8,0,100.0%,8,romi,Sentinel,1.4,185.1,21.5,9.3,9.9,167.4
ONGOING,GC 26: LATAM Main Event,AMER,Aug 3,2026-07-24,Split,KRÜ BLAZE,8,0,100.0%,8,micaela,Controller,1.13,219.1,23.1,10.5,6.6,194.1
ONGOING,GC 26: LATAM Main Event,AMER,Aug 3,2026-07-24,Split,KRÜ BLAZE,8,0,100.0%,8,pepa,Flex,1.23,235.1,14.1,12.4,8.2,145.3
ONGOING,GC 26: LATAM Main Event,AMER,Aug 3,2026-07-24,Summit,KRÜ BLAZE,7,1,87.5%,8,conddi,Jett,1.14,205.9,10.4,12.0,8.1,172.7
ONGOING,GC 26: LATAM Main Event,AMER,Aug 3,2026-07-24,Summit,KRÜ BLAZE,7,1,87.5%,8,kalita,Initiator,1.45,161.2,12.8,9.7,5.5,176.2
ONGOING,GC 26: LATAM Main Event,AMER,Aug 3,2026-07-24,Summit,KRÜ BLAZE,7,1,87.5%,8,romi,Sentinel,1.43,179.5,20.9,11.1,8.7,112.7
ONGOING,GC 26: LATAM Main Event,AMER,Aug 3,2026-07-24,Summit,KRÜ BLAZE,7,1,87.5%,8,micaela,Controller,0.88,193.4,14.4,11.4,2.1,106.2
ONGOING,GC 26: LATAM Main Event,AMER,Aug 3,2026-07-24,Summit,KRÜ BLAZE,7,1,87.5%,8,pepa,Flex,1.22,280.3,20.1,12.2,3.7,115.4
ONGOING,GC 26: LATAM Main Event,AMER,Aug 3,2026-07-29,Sunset,KRÜ BLAZE,3,4,42.9%,7,conddi,Jett,1.12,140.0,16.3,17.1,9.5,147.4
ONGOING,GC 26: LATAM Main Event,AMER,Aug 3,2026-07-29,Sunset,KRÜ BLAZE,3,4,42.9%,7,kalita,Initiator,1.41,271.5,15.0,9.6,5.4,161.4
ONGOING,GC 26: LATAM Main Event,AMER,Aug 3,2026-07-29,Sunset,KRÜ BLAZE,3,4,42.9%,7,romi,Sentinel,1.36,206.1,8.2,17.1,7.9,137.5
ONGOING,GC 26: LATAM Main Event,AMER,Aug 3,2026-07-29,Sunset,KRÜ BLAZE,3,4,42.9%,7,micaela,Controller,0.85,178.9,13.0,13.5,8.2,142.6
ONGOING,GC 26: LATAM Main Event,AMER,Aug 3,2026-07-29,Sunset,KRÜ BLAZE,3,4,42.9%,7,pepa,Flex,1.02,229.8,20.0,10.4,2.2,156.4
ONGOING,GC 26: LATAM Main Event,AMER,Aug 3,2026-07-29,Abyss,KRÜ BLAZE,8,7,53.3%,15,conddi,Jett,1.02,291.7,19.2,16.4,9.6,200.6
ONGOING,GC 26: LATAM Main Event,AMER,Aug 3,2026-07-29,Abyss,KRÜ BLAZE,8,7,53.3%,15,kalita,Initiator,1.11,252.6,20.3,13.3,7.1,187.0
ONGOING,GC 26: LATAM Main Event,AMER,Aug 3,2026-07-29,Abyss,KRÜ BLAZE,8,7,53.3%,15,romi,Sentinel,0.96,208.9,13.9,17.4,6.0,190.8
ONGOING,GC 26: LATAM Main Event,AMER,Aug 3,2026-07-29,Abyss,KRÜ BLAZE,8,7,53.3%,15,micaela,Controller,0.84,155.2,21.2,11.1,9.9,85.3
ONGOING,GC 26: LATAM Main Event,AMER,Aug 3,2026-07-29,Abyss,KRÜ BLAZE,8,7,53.3%,15,pepa,Flex,0.97,183.6,8.9,13.9,8.6,162.0
